1A,1B,1C,2,‚Üê Groups from AD normalisation
,,,,
YAL010C,YAL009W,YAL047C,YAL002W,
YAL032C,YAL011W,YAL048C,YAL008W,
YAL034W-A,YAL012W,YAL049C,YAL016W,
YAL056W,YAL013W,YAR047C,YAL025C,
YAL067C,YAL014C,YBL025W,YAL036C,
YAR008W,YAL015C,YBL043W,YAR014C,
YBL013W,YAL020C,YBL049W,YAR029W,
YBL029C-A,YAL022C,YBL050W,YBL005W,
YBL029W,YAL023C,YBR026C,YBL010C,
YBL068W,YAL026C-A,YBR037C,YBL014C,
YBL099W,YAL027W,YBR068C,YBL045C,
YBL106C,YAL028W,YBR111C,YBL054W,
YBR016W,YAL030W,YBR126W-A,YBL061C,
YBR036C,YAL033W,YBR129C,YBL063W,
YBR046C,YAL034C,YBR131W,YBL074C,
YBR047W,YAL037W,YBR141C,YBL081W,
YBR056W,YAL039C,YBR160W,YBL085W,
YBR061C,YAL040C,YBR194W,YBL091C,
YBR102C,YAL042W,YBR196C,YBL092W,
YBR123C,YAL043C,YBR233W,YBL105C,
YBR128C,YAL044C,YBR270C,YBR002C,
YBR152W,YAL044W-A,YBR292C,YBR006W,
YBR157C,YAL046C,YCL044C,YBR022W,
YBR170C,YAL053W,YCL047C,YBR027C,
YBR171W,YAL054C,YCR007C,YBR034C,
YBR172C,YAL055W,YCR018C,YBR039W,
YBR214W,YAL058W,YCR019W,YBR060C,
YBR229C,YAL060W,YCR023C,YBR073W,
YBR259W,YAL061W,YCR025C,YBR074W,
YBR287W,YAL062W,YCR068W,YBR082C,
YBR290W,YAL063C-A,YCR089W,YBR095C,
YCL001W,YAR002C-A,YDL017W,YBR138C,
YCL011C,YAR003W,YDL045W-A,YBR149W,
YCL012C,YAR015W,YDL053C,YBR155W,
YCL021W-A,YAR018C,YDL063C,YBR163W,
YCL025C,YAR023C,YDL065C,YBR169C,
YCL026C-B,YAR028W,YDL079C,YBR192W,
YCL032W,YAR035W,YDL105W,YBR200W,
YCL057W,YBL001C,YDL124W,YBR215W,
YCR005C,YBL002W,YDL127W,YBR216C,
YCR044C,YBL003C,YDL166C,YBR218C,
YCR099C,YBL006C,YDL175C,YBR235W,
YDL014W,YBL008W,YDL177C,YBR239C,
YDL018C,YBL009W,YDL182W,YBR263W,
YDL028C,YBL015W,YDL188C,YBR267W,
YDL030W,YBL016W,YDL209C,YBR272C,
YDL036C,YBL018C,YDL219W,YBR280C,
YDL082W,YBL021C,YDL222C,YCL027W,
YDL087C,YBL026W,YDL231C,YCL029C,
YDL115C,YBL032W,YDL233W,YCL038C,
YDL120W,YBL033C,YDL238C,YCL050C,
YDL143W,YBL038W,YDR030C,YCL061C,
YDL164C,YBL039W-B,YDR066C,YCR008W,
YDL173W,YBL040C,YDR090C,YCR014C,
YDL178W,YBL041W,YDR105C,YCR024C-B,
YDL202W,YBL042C,YDR113C,YCR026C,
YDL207W,YBL055C,YDR147W,YCR063W,
YDL226C,YBL056W,YDR152W,YCR083W,
YDL234C,YBL057C,YDR161W,YCR086W,
YDR006C,YBL058W,YDR173C,YCR091W,
YDR018C,YBL059C-A,YDR178W,YCR092C,
YDR026C,YBL060W,YDR184C,YDL003W,
YDR027C,YBL064C,YDR201W,YDL021W,
YDR046C,YBL069W,YDR219C,YDL044C,
YDR050C,YBL071W-A,YDR221W,YDL056W,
YDR061W,YBL072C,YDR223W,YDL074C,
YDR076W,YBL075C,YDR235W,YDL089W,
YDR103W,YBL078C,YDR264C,YDL101C,
YDR109C,YBL080C,YDR281C,YDL110C,
YDR110W,YBL082C,YDR297W,YDL117W,
YDR123C,YBL084C,YDR344C,YDL129W,
YDR131C,YBL087C,YDR373W,YDL135C,
YDR143C,YBL089W,YDR379W,YDL139C,
YDR145W,YBL090W,YDR381C-A,YDL150W,
YDR176W,YBL091C-A,YDR393W,YDL168W,
YDR182W,YBL093C,YDR407C,YDL181W,
YDR185C,YBL095W,YDR414C,YDL201W,
YDR195W,YBL098W,YDR427W,YDL204W,
YDR240C,YBL102W,YDR439W,YDL220C,
YDR251W,YBL103C,YDR440W,YDL229W,
YDR252W,YBL113C,YDR460W,YDL248W,
YDR263C,YBR003W,YDR482C,YDR001C,
YDR266C,YBR005W,YDR490C,YDR008C,
YDR272W,YBR008C,YDR512C,YDR019C,
YDR273W,YBR009C,YDR516C,YDR021W,
YDR298C,YBR010W,YDR535C,YDR035W,
YDR309C,YBR011C,YDR539W,YDR038C,
YDR320C,YBR012C,YEL008W,YDR043C,
YDR343C,YBR014C,YEL009C-A,YDR049W,
YDR345C,YBR015C,YEL056W,YDR062W,
YDR348C,YBR018C,YEL057C,YDR068W,
YDR398W,YBR019C,YEL073C,YDR078C,
YDR415C,YBR020W,YER015W,YDR088C,
YDR418W,YBR024W,YER021W,YDR101C,
YDR429C,YBR030W,YER024W,YDR104C,
YDR450W,YBR031W,YER038C,YDR106W,
YDR456W,YBR035C,YER056C,YDR128W,
YDR472W,YBR041W,YER100W,YDR144C,
YDR479C,YBR042C,YER101C,YDR165W,
YDR495C,YBR043C,YER106W,YDR169C,
YDR501W,YBR044C,YFL028C,YDR186C,
YDR504C,YBR048W,YFL032W,YDR211W,
YDR523C,YBR050C,YFL050C,YDR227W,
YDR524C-B,YBR052C,YFL053W,YDR229W,
YDR528W,YBR053C,YFR005C,YDR243C,
YDR532C,YBR056W-A,YGL012W,YDR255C,
YEL001C,YBR058C,YGL020C,YDR291W,
YEL011W,YBR058C-A,YGL048C,YDR310C,
YEL037C,YBR062C,YGL052W,YDR312W,
YEL039C,YBR063C,YGL066W,YDR313C,
YEL059W,YBR065C,YGL067W,YDR314C,
YEL063C,YBR066C,YGL099W,YDR319C,
YER026C,YBR067C,YGL115W,YDR356W,
YER042W,YBR069C,YGL129C,YDR358W,
YER078C,YBR070C,YGL134W,YDR359C,
YER103W,YBR072W,YGL136C,YDR374C,
YER116C,YBR076C-A,YGL141W,YDR376W,
YER118C,YBR077C,YGL158W,YDR380W,
YER123W,YBR085C-A,YGL174W,YDR382W,
YER133W,YBR085W,YGL201C,YDR384C,
YER139C,YBR087W,YGL254W,YDR385W,
YER162C,YBR088C,YGL258W,YDR402C,
YER165W,YBR089C-A,YGR003W,YDR416W,
YER182W,YBR090C,YGR004W,YDR425W,
YFL002C,YBR091C,YGR013W,YDR451C,
YFL008W,YBR092C,YGR049W,YDR463W,
YFL031W,YBR093C,YGR052W,YDR477W,
YFL048C,YBR096W,YGR081C,YDR484W,
YFR037C,YBR098W,YGR085C,YDR485C,
YFR039C,YBR099C,YGR091W,YDR492W,
YGL003C,YBR101C,YGR095C,YDR515W,
YGL045W,YBR103W,YGR107W,YDR520C,
YGL050W,YBR104W,YGR117C,YDR524C,
YGL077C,YBR106W,YGR124W,YDR527W,
YGL083W,YBR107C,YGR132C,YDR540C,
YGL120C,YBR109W-A,YGR165W,YEL007W,
YGL172W,YBR110W,YGR187C,YEL017C-A,
YGL196W,YBR111W-A,YGR188C,YEL018W,
YGL215W,YBR117C,YGR197C,YEL033W,
YGL216W,YBR119W,YGR215W,YEL045C,
YGL229C,YBR120C,YGR221C,YEL046C,
YGL233W,YBR122C,YGR244C,YEL065W,
YGL237C,YBR125C,YGR276C,YER006W,
YGL251C,YBR130C,YGR280C,YER008C,
YGL255W,YBR133C,YGR282C,YER012W,
YGR021W,YBR137W,YGR289C,YER023W,
YGR025W,YBR145W,YHL020C,YER029C,
YGR042W,YBR147W,YHL031C,YER032W,
YGR058W,YBR151W,YHR005C-A,YER038W-A,
YGR063C,YBR153W,YHR007C-A,YER048C,
YGR064W,YBR158W,YHR018C,YER049W,
YGR075C,YBR161W,YHR022C,YER052C,
YGR078C,YBR162W-A,YHR041C,YER054C,
YGR099W,YBR164C,YHR063C,YER056C-A,
YGR104C,YBR167C,YHR088W,YER068W,
YGR152C,YBR173C,YHR118C,YER086W,
YGR178C,YBR175W,YHR140W,YER096W,
YGR185C,YBR181C,YHR181W,YER124C,
YGR206W,YBR182C,YIL010W,YER127W,
YGR230W,YBR183W,YIL044C,YER131W,
YGR239C,YBR184W,YIL059C,YER147C,
YGR255C,YBR185C,YIL067C,YER157W,
YGR278W,YBR187W,YIL068C,YER171W,
YHL014C,YBR188C,YIL086C,YFL005W,
YHL035C,YBR189W,YIL088C,YFL009W,
YHR012W,YBR191W,YIL089W,YFL023W,
YHR015W,YBR193C,YIL132C,YFL025C,
YHR030C,YBR195C,YIL158W,YFR014C,
YHR038W,YBR196C-A,YIL161W,YFR027W,
YHR050W-A,YBR196C-B,YIR025W,YFR034C,
YHR052W,YBR197C,YJL047C-A,YFR049W,
YHR069C-A,YBR199W,YJL049W,YGL005C,
YHR071W,YBR201C-A,YJL066C,YGL023C,
YHR081W,YBR201W,YJL091C,YGL036W,
YHR085W,YBR204C,YJL103C,YGL044C,
YHR091C,YBR206W,YJL132W,YGL060W,
YHR094C,YBR210W,YJL139C,YGL065C,
YHR096C,YBR211C,YJL141C,YGL094C,
YHR108W,YBR213W,YJL178C,YGL096W,
YHR127W,YBR217W,YJL186W,YGL107C,
YHR130C,YBR220C,YJL190C,YGL142C,
YHR133C,YBR221C,YJL199C,YGL143C,
YHR169W,YBR222C,YJL204C,YGL147C,
YHR170W,YBR223C,YJL209W,YGL209W,
YHR182W,YBR228W,YJR004C,YGL232W,
YHR197W,YBR230C,YJR010C-A,YGR001C,
YHR211W,YBR230W-A,YJR013W,YGR006W,
YIL021W,YBR231C,YJR039W,YGR009C,
YIL022W,YBR233W-A,YJR076C,YGR046W,
YIL046W,YBR234C,YJR082C,YGR065C,
YIL056W,YBR240C,YJR084W,YGR086C,
YIL061C,YBR241C,YJR107W,YGR108W,
YIL063C,YBR242W,YJR115W,YGR125W,
YIL070C,YBR243C,YJR135C,YGR126W,
YIL093C,YBR244W,YKL004W,YGR149W,
YIL102C-A,YBR246W,YKL021C,YGR156W,
YIL105C,YBR249C,YKL023C-A,YGR159C,
YIL107C,YBR250W,YKL027W,YGR169C-A,
YIL130W,YBR252W,YKL039W,YGR179C,
YIL139C,YBR254C,YKL060C,YGR186W,
YIL159W,YBR255C-A,YKL063C,YGR189C,
YIL162W,YBR256C,YKL089W,YGR199W,
YIR008C,YBR257W,YKL163W,YGR202C,
YIR014W,YBR258C,YKL168C,YGR233C,
YIR015W,YBR261C,YKL174C,YGR234W,
YIR019C,YBR262C,YKL175W,YGR252W,
YIR027C,YBR264C,YKL176C,YGR253C,
YJL003W,YBR265W,YKL195W,YGR254W,
YJL070C,YBR268W,YKL213C,YGR287C,
YJL081C,YBR269C,YKL218C,YGR295C,
YJL089W,YBR271W,YKR014C,YHL008C,
YJL096W,YBR274W,YKR016W,YHL009C,
YJL101C,YBR276C,YKR022C,YHL013C,
YJL102W,YBR283C,YKR030W,YHL016C,
YJL125C,YBR285W,YKR035W-A,YHL019W-A,
YJL131C,YBR288C,YKR053C,YHR001W-A,
YJL147C,YBR291C,YKR058W,YHR006W,
YJL160C,YBR293W,YKR062W,YHR011W,
YJL162C,YBR295W,YKR064W,YHR013C,
YJL201W,YBR296C,YKR103W,YHR024C,
YJL214W,YBR297W,YLL028W,YHR031C,
YJR005W,YCL002C,YLL041C,YHR035W,
YJR016C,YCL004W,YLL061W,YHR036W,
YJR052W,YCL005W,YLR026C,YHR075C,
YJR061W,YCL005W-A,YLR028C,YHR092C,
YJR072C,YCL008C,YLR046C,YHR098C,
YJR078W,YCL009C,YLR047C,YHR103W,
YJR102C,YCL010C,YLR082C,YHR109W,
YJR154W,YCL016C,YLR121C,YHR113W,
YKL012W,YCL026C-A,YLR142W,YHR137C-A,
YKL038W,YCL033C,YLR151C,YHR152W,
YKL045W,YCL034W,YLR165C,YHR171W,
YKL047W,YCL035C,YLR168C,YHR203C,
YKL050C,YCL036W,YLR205C,YHR209W,
YKL068W-A,YCL040W,YLR211C,YHR214W,
YKL074C,YCL041C,YLR238W,YIL002C,
YKL075C,YCL042W,YLR241W,YIL009W,
YKL093W,YCL043C,YLR245C,YIL013C,
YKL116C,YCL049C,YLR253W,YIL020C,
YKL120W,YCL051W,YLR254C,YIL050W,
YKL125W,YCL052C,YLR290C,YIL097W,
YKL141W,YCL055W,YLR291C,YIL103W,
YKL159C,YCL056C,YLR294C,YIL136W,
YKL162C,YCL057C-A,YLR301W,YIL151C,
YKL189W,YCL058C,YLR328W,YIR005W,
YKL194C,YCL058W-A,YLR345W,YIR007W,
YKR010C,YCL059C,YLR368W,YIR033W,
YKR013W,YCL064C,YLR386W,YJL002C,
YKR043C,YCR002C,YLR387C,YJL008C,
YKR076W,YCR004C,YLR393W,YJL013C,
YKR101W,YCR015C,YLR408C,YJL019W,
YLL003W,YCR020C,YLR415C,YJL029C,
YLL018C,YCR020C-A,YML004C,YJL062W,
YLL022C,YCR020W-B,YML005W,YJL078C,
YLL042C,YCR021C,YML009W-B,YJL085W,
YLR067C,YCR027C,YML054C,YJL094C,
YLR072W,YCR028C,YML065W,YJL099W,
YLR113W,YCR028C-A,YML068W,YJL108C,
YLR133W,YCR031C,YML073C,YJL112W,
YLR144C,YCR034W,YML104C,YJL123C,
YLR148W,YCR035C,YMR014W,YJL127C,
YLR204W,YCR036W,YMR017W,YJL138C,
YLR220W,YCR038C,YMR026C,YJL144W,
YLR221C,YCR041W,YMR041C,YJL146W,
YLR240W,YCR043C,YMR048W,YJL154C,
YLR250W,YCR045W-A,YMR070W,YJL155C,
YLR259C,YCR046C,YMR075W,YJL159W,
YLR260W,YCR048W,YMR078C,YJL181W,
YLR261C,YCR051W,YMR080C,YJL185C,
YLR262C,YCR052W,YMR093W,YJL194W,
YLR275W,YCR060W,YMR103C,YJL208C,
YLR287C,YCR066W,YMR104C,YJL212C,
YLR323C,YCR071C,YMR105C,YJR007W,
YLR376C,YCR073C,YMR105W-A,YJR059W,
YLR382C,YCR073W-A,YMR127C,YJR060W,
YLR401C,YCR075C,YMR131C,YJR098C,
YLR402W,YCR075W-A,YMR136W,YJR119C,
YLR424W,YCR076C,YMR158W,YJR121W,
YLR441C,YCR079W,YMR166C,YJR122W,
YLR448W,YCR082W,YMR187C,YJR125C,
YLR451W,YCR087C-A,YMR200W,YJR131W,
YLR457C,YCR090C,YMR204C,YJR134C,
YML016C,YCR094W,YMR221C,YJR138W,
YML041C,YCR095C,YMR224C,YJR142W,
YML062C,YCR097W,YMR252C,YJR151C,
YML071C,YCR098C,YMR277W,YKL034W,
YML077W,YCR100C,YMR285C,YKL035W,
YML081C-A,YCR101C,YMR292W,YKL051W,
YML094W,YCR102C,YMR312W,YKL064W,
YML097C,YCR105W,YNL010W,YKL071W,
YML112W,YCR107W,YNL020C,YKL082C,
YML129C,YDL001W,YNL024C-A,YKL092C,
YMR013C,YDL002C,YNL082W,YKL103C,
YMR036C,YDL004W,YNL131W,YKL107W,
YMR055C,YDL006W,YNL151C,YKL110C,
YMR060C,YDL008W,YNL153C,YKL114C,
YMR062C,YDL010W,YNL164C,YKL124W,
YMR074C,YDL013W,YNL175C,YKL134C,
YMR113W,YDL015C,YNL179C,YKL140W,
YMR117C,YDL016C,YNL180C,YKL155C,
YMR119W,YDL022W,YNL188W,YKL172W,
YMR135C,YDL024C,YNL203C,YKL193C,
YMR154C,YDL029W,YNL208W,YKL196C,
YMR171C,YDL042C,YNL249C,YKL216W,
YMR172W,YDL043C,YNL295W,YKL220C,
YMR179W,YDL045C,YNL305C,YKR002W,
YMR182C,YDL046W,YNL336W,YKR021W,
YMR197C,YDL047W,YNR028W,YKR056W,
YMR230W,YDL048C,YNR033W,YKR063C,
YMR230W-A,YDL051W,YNR045W,YKR071C,
YMR234W,YDL052C,YNR049C,YKR073C,
YMR237W,YDL055C,YNR053C,YKR081C,
YMR238W,YDL057W,YOL031C,YKR089C,
YMR241W,YDL059C,YOL033W,YKR092C,
YMR251W,YDL061C,YOL043C,YLL004W,
YMR260C,YDL064W,YOL052C,YLL012W,
YMR273C,YDL069C,YOL060C,YLL018C-A,
YMR286W,YDL070W,YOL093W,YLL032C,
YMR289W,YDL072C,YOL095C,YLL057C,
YMR290C,YDL075W,YOL097C,YLL058W,
YMR295C,YDL076C,YOL100W,YLR001C,
YMR303C,YDL078C,YOL111C,YLR002C,
YMR313C,YDL080C,YOL114C,YLR015W,
YNL061W,YDL081C,YOL136C,YLR023C,
YNL066W,YDL083C,YOL137W,YLR032W,
YNL077W,YDL085C-A,YOR019W,YLR037C,
YNL096C,YDL085W,YOR022C,YLR041W,
YNL098C,YDL086C-A,YOR031W,YLR044C,
YNL100W,YDL086W,YOR042W,YLR057W,
YNL113W,YDL090C,YOR071C,YLR075W,
YNL127W,YDL091C,YOR072W-A,YLR094C,
YNL128W,YDL092W,YOR080W,YLR103C,
YNL136W,YDL097C,YOR095C,YLR117C,
YNL144C,YDL099W,YOR177C,YLR126C,
YNL177C,YDL103C,YOR180C,YLR131C,
YNL184C,YDL108W,YOR184W,YLR135W,
YNL209W,YDL109C,YOR188W,YLR149C,
YNL246W,YDL111C,YOR208W,YLR163C,
YNL280C,YDL113C,YOR215C,YLR175W,
YNL293W,YDL119C,YOR226C,YLR180W,
YNL316C,YDL121C,YOR238W,YLR189C,
YNL329C,YDL123W,YOR241W,YLR203C,
YNL330C,YDL130W,YOR258W,YLR206W,
YNR001C,YDL130W-A,YOR275C,YLR207W,
YNR007C,YDL133C-A,YOR283W,YLR222C-A,
YNR022C,YDL133W,YOR284W,YLR270W,
YNR050C,YDL134C,YOR286W,YLR277C,
YNR052C,YDL136W,YOR295W,YLR286C,
YNR061C,YDL137W,YOR305W,YLR297W,
YNR066C,YDL138W,YOR312C,YLR319C,
YNR068C,YDL142C,YOR361C,YLR321C,
YNR070W,YDL144C,YOR366W,YLR324W,
YOL010W,YDL146W,YOR367W,YLR352W,
YOL030W,YDL147W,YOR370C,YLR380W,
YOL038W,YDL155W,YOR389W,YLR397C,
YOL047C,YDL156W,YPL005W,YLR418C,
YOL049W,YDL157C,YPL043W,YLR423C,
YOL102C,YDL158C,YPL051W,YLR429W,
YOL104C,YDL160C-A,YPL060W,YLR435W,
YOL108C,YDL165W,YPL132W,YLR442C,
YOL122C,YDL169C,YPL138C,YML014W,
YOL138C,YDL176W,YPL150W,YML034W,
YOL159C,YDL180W,YPL154C,YML043C,
YOR009W,YDL183C,YPL185W,YML088W,
YOR034C-A,YDL187C,YPL188W,YML095C,
YOR060C,YDL189W,YPL189W,YML098W,
YOR066W,YDL191W,YPL199C,YML115C,
YOR077W,YDL192W,YPL213W,YML118W,
YOR087W,YDL193W,YPL235W,YMR002W,
YOR119C,YDL197C,YPL272C,YMR008C,
YOR136W,YDL198C,YPR019W,YMR028W,
YOR148C,YDL199C,YPR040W,YMR029C,
YOR169C,YDL200C,YPR051W,YMR032W,
YOR185C,YDL203C,YPR072W,YMR043W,
YOR186C-A,YDL206W,YPR101W,YMR044W,
YOR190W,YDL208W,YPR129W,YMR064W,
YOR222W,YDL210W,YPR131C,YMR066W,
YOR227W,YDL212W,YPR150W,YMR069W,
YOR237W,YDL213C,YPR194C,YMR094W,
YOR249C,YDL216C,YAL031C,YMR099C,
YOR252W,YDL217C,YBL067C,YMR132C,
YOR265W,YDL218W,YBR004C,YMR147W,
YOR272W,YDL230W,YBR083W,YMR163C,
YOR273C,YDL232W,YBR114W,YMR167W,
YOR307C,YDL235C,YBR237W,YMR168C,
YOR309C,YDL236W,YBR298C,YMR177W,
YOR311C,YDL237W,YCR057C,YMR182W-A,
YOR315W,YDL239C,YCR064C,YMR188C,
YOR337W,YDL241W,YDL025C,YMR195W,
YOR357C,YDR003W,YDR005C,YMR199W,
YOR371C,YDR003W-A,YDR072C,YMR212C,
YPL002C,YDR004W,YDR353W,YMR217W,
YPL023C,YDR007W,YDR481C,YMR225C,
YPL045W,YDR009W,YFL020C,YMR228W,
YPL055C,YDR012W,YFL057C,YMR235C,
YPL071C,YDR013W,YGL095C,YMR242C,
YPL104W,YDR016C,YGL187C,YMR270C,
YPL120W,YDR020C,YGR041W,YMR274C,
YPL151C,YDR022C,YGR088W,YMR278W,
YPL161C,YDR024W,YGR158C,YMR280C,
YPL172C,YDR031W,YGR163W,YMR288W,
YPL207W,YDR032C,YHR119W,YMR300C,
YPL216W,YDR034W-B,YIL155C,YNL041C,
YPL232W,YDR036C,YJL045W,YNL062C,
YPL243W,YDR041W,YKR023W,YNL103W,
YPL248C,YDR042C,YLL059C,YNL106C,
YPL256C,YDR044W,YML100W,YNL117W,
YPL274W,YDR045C,YML105C,YNL142W,
YPR003C,YDR047W,YMR152W,YNL161W,
YPR009W,YDR051C,YMR232W,YNL166C,
YPR018W,YDR052C,YMR267W,YNL170W,
YPR030W,YDR054C,YNL011C,YNL173C,
YPR047W,YDR055W,YNL073W,YNL176C,
YPR070W,YDR058C,YOL066C,YNL181W,
YPR084W,YDR059C,YOR110W,YNL182C,
YPR105C,YDR063W,YPL054W,YNL183C,
YPR116W,YDR064W,,YNL193W,
YPR120C,YDR065W,,YNL199C,
YPR132W,YDR067C,,YNL204C,
YPR138C,YDR071C,,YNL220W,
YPR144C,YDR073W,,YNL224C,
YPR154W,YDR079C-A,,YNL225C,
YPR155C,YDR079W,,YNL229C,
YPR185W,YDR082W,,YNL238W,
YPR199C,YDR083W,,YNL248C,
YPR200C,YDR084C,,YNL252C,
YBL011W,YDR085C,,YNL268W,
YBR007C,YDR086C,,YNL273W,
YBR146W,YDR092W,,YNL289W,
YBR203W,YDR094W,,YNL301C,
YBR282W,YDR100W,,YNL317W,
YCL024W,YDR111C,,YNR024W,
YCR006C,YDR115W,,YNR064C,
YDL005C,YDR116C,,YNR069C,
YDL054C,YDR119W-A,,YOL017W,
YDL170W,YDR121W,,YOL036W,
YDR177W,YDR124W,,YOL045W,
YDR192C,YDR125C,,YOL056W,
YDR277C,YDR126W,,YOL078W,
YDR289C,YDR133C,,YOL084W,
YDR322W,YDR139C,,YOL098C,
YER050C,YDR140W,,YOL105C,
YER102W,YDR142C,,YOL106W,
YER128W,YDR154C,,YOR001W,
YFR032C-B,YDR155C,,YOR018W,
YGL025C,YDR156W,,YOR020C,
YGL242C,YDR157W,,YOR025W,
YGR212W,YDR158W,,YOR028C,
YHR039C-A,YDR160W,,YOR030W,
YHR168W,YDR162C,,YOR051C,
YIR011C,YDR163W,,YOR058C,
YJR141W,YDR167W,,YOR078W,
YMR010W,YDR171W,,YOR106W,
YMR106C,YDR174W,,YOR117W,
YMR112C,YDR179W-A,,YOR118W,
YMR115W,YDR181C,,YOR134W,
YNL008C,YDR182W-A,,YOR144C,
YNL035C,YDR183W,,YOR147W,
YNL097C-B,YDR190C,,YOR156C,
YOL041C,YDR191W,,YOR162C,
YOL082W,YDR196C,,YOR164C,
YOL141W,YDR197W,,YOR171C,
YOL149W,YDR198C,,YOR175C,
YOR033C,YDR200C,,YOR195W,
YOR039W,YDR202C,,YOR216C,
YOR101W,YDR204W,,YOR223W,
YOR145C,YDR206W,,YOR229W,
YOR194C,YDR207C,,YOR256C,
YOR327C,YDR210W,,YOR276W,
YOR349W,YDR214W,,YOR298C-A,
YOR379C,YDR224C,,YOR299W,
YPL069C,YDR225W,,YOR313C,
YPL131W,YDR226W,,YOR319W,
,YDR231C,,YOR346W,
,YDR234W,,YOR352W,
,YDR236C,,YOR354C,
,YDR237W,,YOR360C,
,YDR239C,,YOR372C,
,YDR242W,,YOR385W,
,YDR245W,,YOR386W,
,YDR246W,,YPL004C,
,YDR246W-A,,YPL011C,
,YDR248C,,YPL032C,
,YDR249C,,YPL065W,
,YDR254W,,YPL072W,
,YDR257C,,YPL075W,
,YDR259C,,YPL083C,
,YDR260C,,YPL086C,
,YDR262W,,YPL089C,
,YDR265W,,YPL124W,
,YDR268W,,YPL153C,
,YDR275W,,YPL157W,
,YDR279W,,YPL158C,
,YDR280W,,YPL159C,
,YDR282C,,YPL181W,
,YDR284C,,YPL195W,
,YDR286C,,YPL212C,
,YDR288W,,YPL215W,
,YDR294C,,YPL228W,
,YDR295C,,YPL255W,
,YDR296W,,YPL262W,
,YDR299W,,YPL279C,
,YDR302W,,YPR029C,
,YDR304C,,YPR045C,
,YDR305C,,YPR081C,
,YDR306C,,YPR086W,
,YDR311W,,YPR088C,
,YDR315C,,YPR089W,
,YDR317W,,YPR108W,
,YDR318W,,YPR110C,
,YDR320C-A,,YPR124W,
,YDR320W-B,,YPR133C,
,YDR321W,,YPR158W,
,YDR322C-A,,YPR159W,
,YDR323C,,YPR181C,
,YDR328C,,,
,YDR330W,,,
,YDR332W,,,
,YDR336W,,,
,YDR338C,,,
,YDR339C,,,
,YDR347W,,,
,YDR349C,,,
,YDR350C,,,
,YDR352W,,,
,YDR354W,,,
,YDR357C,,,
,YDR361C,,,
,YDR362C,,,
,YDR363W-A,,,
,YDR364C,,,
,YDR367W,,,
,YDR368W,,,
,YDR370C,,,
,YDR371W,,,
,YDR372C,,,
,YDR374W-A,,,
,YDR375C,,,
,YDR377W,,,
,YDR378C,,,
,YDR379C-A,,,
,YDR386W,,,
,YDR387C,,,
,YDR388W,,,
,YDR392W,,,
,YDR394W,,,
,YDR397C,,,
,YDR399W,,,
,YDR401W,,,
,YDR403W,,,
,YDR404C,,,
,YDR405W,,,
,YDR408C,,,
,YDR409W,,,
,YDR410C,,,
,YDR411C,,,
,YDR419W,,,
,YDR421W,,,
,YDR423C,,,
,YDR424C,,,
,YDR428C,,,
,YDR434W,,,
,YDR435C,,,
,YDR436W,,,
,YDR438W,,,
,YDR441C,,,
,YDR444W,,,
,YDR447C,,,
,YDR453C,,,
,YDR454C,,,
,YDR459C,,,
,YDR461W,,,
,YDR462W,,,
,YDR467C,,,
,YDR468C,,,
,YDR469W,,,
,YDR476C,,,
,YDR478W,,,
,YDR480W,,,
,YDR486C,,,
,YDR488C,,,
,YDR489W,,,
,YDR493W,,,
,YDR497C,,,
,YDR498C,,,
,YDR500C,,,
,YDR503C,,,
,YDR510W,,,
,YDR511W,,,
,YDR513W,,,
,YDR514C,,,
,YDR517W,,,
,YDR519W,,,
,YDR529C,,,
,YDR530C,,,
,YDR531W,,,
,YDR533C,,,
,YDR538W,,,
,YDR541C,,,
,YEL003W,,,
,YEL004W,,,
,YEL005C,,,
,YEL006W,,,
,YEL009C,,,
,YEL012W,,,
,YEL016C,,,
,YEL017W,,,
,YEL020C,,,
,YEL020W-A,,,
,YEL025C,,,
,YEL026W,,,
,YEL028W,,,
,YEL029C,,,
,YEL030W,,,
,YEL038W,,,
,YEL040W,,,
,YEL041W,,,
,YEL042W,,,
,YEL044W,,,
,YEL048C,,,
,YEL049W,,,
,YEL050C,,,
,YEL051W,,,
,YEL052W,,,
,YEL054C,,,
,YEL058W,,,
,YEL059C-A,,,
,YEL062W,,,
,YEL064C,,,
,YEL066W,,,
,YEL067C,,,
,YEL068C,,,
,YEL070W,,,
,YEL072W,,,
,YER005W,,,
,YER007C-A,,,
,YER007W,,,
,YER009W,,,
,YER010C,,,
,YER014W,,,
,YER017C,,,
,YER019C-A,,,
,YER019W,,,
,YER020W,,,
,YER027C,,,
,YER028C,,,
,YER031C,,,
,YER037W,,,
,YER039C,,,
,YER039C-A,,,
,YER044C-A,,,
,YER046W,,,
,YER048W-A,,,
,YER051W,,,
,YER053C,,,
,YER053C-A,,,
,YER055C,,,
,YER057C,,,
,YER059W,,,
,YER060W,,,
,YER060W-A,,,
,YER061C,,,
,YER062C,,,
,YER063W,,,
,YER064C,,,
,YER065C,,,
,YER066W,,,
,YER067W,,,
,YER069W,,,
,YER071C,,,
,YER072W,,,
,YER073W,,,
,YER074W,,,
,YER074W-A,,,
,YER076C,,,
,YER076W-A,,,
,YER079W,,,
,YER083C,,,
,YER087C-A,,,
,YER087C-B,,,
,YER087W,,,
,YER088C,,,
,YER088C-A,,,
,YER089C,,,
,YER092W,,,
,YER093C-A,,,
,YER094C,,,
,YER097W,,,
,YER099C,,,
,YER104W,,,
,YER107C,,,
,YER109C,,,
,YER113C,,,
,YER117W,,,
,YER119C,,,
,YER120W,,,
,YER121W,,,
,YER134C,,,
,YER137C,,,
,YER140W,,,
,YER142C,,,
,YER143W,,,
,YER144C,,,
,YER145C,,,
,YER146W,,,
,YER148W,,,
,YER148W-A,,,
,YER150W,,,
,YER152C,,,
,YER153C,,,
,YER154W,,,
,YER156C,,,
,YER159C,,,
,YER163C,,,
,YER168C,,,
,YER170W,,,
,YER174C,,,
,YER175C,,,
,YER176W,,,
,YER177W,,,
,YER178W,,,
,YER179W,,,
,YER180C,,,
,YER180C-A,,,
,YER183C,,,
,YER184C,,,
,YER185W,,,
,YER186C,,,
,YER187W,,,
,YER188W,,,
,YFL001W,,,
,YFL003C,,,
,YFL014W,,,
,YFL017C,,,
,YFL017W-A,,,
,YFL022C,,,
,YFL026W,,,
,YFL027C,,,
,YFL029C,,,
,YFL030W,,,
,YFL034C-A,,,
,YFL034C-B,,,
,YFL038C,,,
,YFL041W-A,,,
,YFL042C,,,
,YFL044C,,,
,YFL045C,,,
,YFL046W,,,
,YFL051C,,,
,YFL052W,,,
,YFL054C,,,
,YFL055W,,,
,YFL056C,,,
,YFL059W,,,
,YFR001W,,,
,YFR003C,,,
,YFR004W,,,
,YFR007W,,,
,YFR008W,,,
,YFR015C,,,
,YFR017C,,,
,YFR018C,,,
,YFR020W,,,
,YFR021W,,,
,YFR022W,,,
,YFR025C,,,
,YFR026C,,,
,YFR028C,,,
,YFR029W,,,
,YFR031C-A,,,
,YFR032C-A,,,
,YFR033C,,,
,YFR034W-A,,,
,YFR036W,,,
,YFR038W,,,
,YFR041C,,,
,YFR042W,,,
,YFR043C,,,
,YFR045W,,,
,YFR046C,,,
,YFR047C,,,
,YFR048W,,,
,YFR050C,,,
,YFR051C,,,
,YFR052C-A,,,
,YFR052W,,,
,YFR053C,,,
,YFR054C,,,
,YFR055W,,,
,YGL001C,,,
,YGL002W,,,
,YGL004C,,,
,YGL010W,,,
,YGL011C,,,
,YGL017W,,,
,YGL018C,,,
,YGL019W,,,
,YGL022W,,,
,YGL030W,,,
,YGL032C,,,
,YGL035C,,,
,YGL037C,,,
,YGL039W,,,
,YGL040C,,,
,YGL041W-A,,,
,YGL043W,,,
,YGL053W,,,
,YGL054C,,,
,YGL058W,,,
,YGL059W,,,
,YGL061C,,,
,YGL063W,,,
,YGL068W,,,
,YGL070C,,,
,YGL073W,,,
,YGL076C,,,
,YGL080W,,,
,YGL081W,,,
,YGL084C,,,
,YGL085W,,,
,YGL086W,,,
,YGL087C,,,
,YGL090W,,,
,YGL091C,,,
,YGL098W,,,
,YGL100W,,,
,YGL101W,,,
,YGL103W,,,
,YGL104C,,,
,YGL105W,,,
,YGL106W,,,
,YGL108C,,,
,YGL111W,,,
,YGL113W,,,
,YGL114W,,,
,YGL116W,,,
,YGL117W,,,
,YGL121C,,,
,YGL123W,,,
,YGL124C,,,
,YGL126W,,,
,YGL127C,,,
,YGL128C,,,
,YGL130W,,,
,YGL135W,,,
,YGL144C,,,
,YGL146C,,,
,YGL148W,,,
,YGL154C,,,
,YGL155W,,,
,YGL159W,,,
,YGL161C,,,
,YGL162W,,,
,YGL164C,,,
,YGL166W,,,
,YGL175C,,,
,YGL176C,,,
,YGL185C,,,
,YGL189C,,,
,YGL191W,,,
,YGL193C,,,
,YGL194C-A,,,
,YGL198W,,,
,YGL200C,,,
,YGL204C,,,
,YGL205W,,,
,YGL208W,,,
,YGL210W,,,
,YGL211W,,,
,YGL219C,,,
,YGL220W,,,
,YGL221C,,,
,YGL223C,,,
,YGL224C,,,
,YGL226W,,,
,YGL231C,,,
,YGL236C,,,
,YGL243W,,,
,YGL247W,,,
,YGL248W,,,
,YGL250W,,,
,YGL256W,,,
,YGL257C,,,
,YGL259W,,,
,YGL263W,,,
,YGR002C,,,
,YGR007W,,,
,YGR008C,,,
,YGR010W,,,
,YGR012W,,,
,YGR015C,,,
,YGR016W,,,
,YGR017W,,,
,YGR019W,,,
,YGR020C,,,
,YGR023W,,,
,YGR024C,,,
,YGR027C,,,
,YGR028W,,,
,YGR029W,,,
,YGR030C,,,
,YGR031W,,,
,YGR033C,,,
,YGR034W,,,
,YGR036C,,,
,YGR037C,,,
,YGR038W,,,
,YGR039W,,,
,YGR040W,,,
,YGR043C,,,
,YGR044C,,,
,YGR045C,,,
,YGR048W,,,
,YGR050C,,,
,YGR053C,,,
,YGR057C,,,
,YGR062C,,,
,YGR070W,,,
,YGR072W,,,
,YGR073C,,,
,YGR074W,,,
,YGR076C,,,
,YGR077C,,,
,YGR079W,,,
,YGR080W,,,
,YGR082W,,,
,YGR083C,,,
,YGR093W,,,
,YGR096W,,,
,YGR101W,,,
,YGR102C,,,
,YGR105W,,,
,YGR109C,,,
,YGR110W,,,
,YGR113W,,,
,YGR118W,,,
,YGR120C,,,
,YGR121C,,,
,YGR122W,,,
,YGR127W,,,
,YGR129W,,,
,YGR131W,,,
,YGR133W,,,
,YGR134W,,,
,YGR135W,,,
,YGR137W,,,
,YGR140W,,,
,YGR144W,,,
,YGR147C,,,
,YGR148C,,,
,YGR153W,,,
,YGR154C,,,
,YGR161C,,,
,YGR161W-C,,,
,YGR166W,,,
,YGR167W,,,
,YGR168C,,,
,YGR169C,,,
,YGR171C,,,
,YGR172C,,,
,YGR173W,,,
,YGR174C,,,
,YGR180C,,,
,YGR181W,,,
,YGR182C,,,
,YGR183C,,,
,YGR191W,,,
,YGR194C,,,
,YGR195W,,,
,YGR201C,,,
,YGR203W,,,
,YGR207C,,,
,YGR209C,,,
,YGR210C,,,
,YGR213C,,,
,YGR214W,,,
,YGR216C,,,
,YGR220C,,,
,YGR222W,,,
,YGR223C,,,
,YGR225W,,,
,YGR232W,,,
,YGR235C,,,
,YGR238C,,,
,YGR241C,,,
,YGR243W,,,
,YGR247W,,,
,YGR256W,,,
,YGR257C,,,
,YGR260W,,,
,YGR262C,,,
,YGR263C,,,
,YGR267C,,,
,YGR268C,,,
,YGR271C-A,,,
,YGR275W,,,
,YGR277C,,,
,YGR283C,,,
,YGR284C,,,
,YGR285C,,,
,YGR286C,,,
,YGR288W,,,
,YHL001W,,,
,YHL003C,,,
,YHL004W,,,
,YHL011C,,,
,YHL015W,,,
,YHL017W,,,
,YHL018W,,,
,YHL022C,,,
,YHL025W,,,
,YHL026C,,,
,YHL027W,,,
,YHL032C,,,
,YHL036W,,,
,YHL038C,,,
,YHL040C,,,
,YHL042W,,,
,YHL044W,,,
,YHL047C,,,
,YHL048W,,,
,YHR001W,,,
,YHR003C,,,
,YHR004C,,,
,YHR005C,,,
,YHR008C,,,
,YHR009C,,,
,YHR010W,,,
,YHR016C,,,
,YHR017W,,,
,YHR021C,,,
,YHR025W,,,
,YHR026W,,,
,YHR029C,,,
,YHR032W,,,
,YHR032W-A,,,
,YHR033W,,,
,YHR034C,,,
,YHR039C,,,
,YHR040W,,,
,YHR042W,,,
,YHR043C,,,
,YHR044C,,,
,YHR045W,,,
,YHR046C,,,
,YHR048W,,,
,YHR049W,,,
,YHR050W,,,
,YHR057C,,,
,YHR058C,,,
,YHR059W,,,
,YHR060W,,,
,YHR062C,,,
,YHR067W,,,
,YHR069C,,,
,YHR070W,,,
,YHR072W,,,
,YHR072W-A,,,
,YHR074W,,,
,YHR076W,,,
,YHR078W,,,
,YHR083W,,,
,YHR087W,,,
,YHR090C,,,
,YHR097C,,,
,YHR100C,,,
,YHR104W,,,
,YHR105W,,,
,YHR106W,,,
,YHR107C,,,
,YHR110W,,,
,YHR112C,,,
,YHR115C,,,
,YHR121W,,,
,YHR122W,,,
,YHR123W,,,
,YHR124W,,,
,YHR128W,,,
,YHR129C,,,
,YHR132W-A,,,
,YHR134W,,,
,YHR136C,,,
,YHR138C,,,
,YHR139C,,,
,YHR141C,,,
,YHR142W,,,
,YHR143W-A,,,
,YHR144C,,,
,YHR146W,,,
,YHR147C,,,
,YHR148W,,,
,YHR150W,,,
,YHR153C,,,
,YHR154W,,,
,YHR157W,,,
,YHR160C,,,
,YHR161C,,,
,YHR162W,,,
,YHR163W,,,
,YHR167W,,,
,YHR175W,,,
,YHR175W-A,,,
,YHR176W,,,
,YHR178W,,,
,YHR183W,,,
,YHR184W,,,
,YHR187W,,,
,YHR188C,,,
,YHR189W,,,
,YHR191C,,,
,YHR192W,,,
,YHR193C,,,
,YHR193C-A,,,
,YHR194W,,,
,YHR195W,,,
,YHR198C,,,
,YHR199C,,,
,YHR199C-A,,,
,YHR200W,,,
,YHR204W,,,
,YHR207C,,,
,YHR208W,,,
,YHR210C,,,
,YHR214W-A,,,
,YHR215W,,,
,YIL002W-A,,,
,YIL003W,,,
,YIL004C,,,
,YIL006W,,,
,YIL009C-A,,,
,YIL011W,,,
,YIL014C-A,,,
,YIL017C,,,
,YIL018W,,,
,YIL019W,,,
,YIL023C,,,
,YIL027C,,,
,YIL028W,,,
,YIL029C,,,
,YIL033C,,,
,YIL034C,,,
,YIL035C,,,
,YIL036W,,,
,YIL040W,,,
,YIL041W,,,
,YIL042C,,,
,YIL047C,,,
,YIL047C-A,,,
,YIL049W,,,
,YIL051C,,,
,YIL052C,,,
,YIL062C,,,
,YIL064W,,,
,YIL065C,,,
,YIL071C,,,
,YIL072W,,,
,YIL073C,,,
,YIL076W,,,
,YIL077C,,,
,YIL083C,,,
,YIL084C,,,
,YIL085C,,,
,YIL090W,,,
,YIL092W,,,
,YIL094C,,,
,YIL096C,,,
,YIL098C,,,
,YIL099W,,,
,YIL101C,,,
,YIL104C,,,
,YIL106W,,,
,YIL110W,,,
,YIL111W,,,
,YIL113W,,,
,YIL114C,,,
,YIL117C,,,
,YIL118W,,,
,YIL120W,,,
,YIL121W,,,
,YIL122W,,,
,YIL124W,,,
,YIL127C,,,
,YIL131C,,,
,YIL133C,,,
,YIL134W,,,
,YIL138C,,,
,YIL142W,,,
,YIL143C,,,
,YIL145C,,,
,YIL146C,,,
,YIL148W,,,
,YIL152W,,,
,YIL153W,,,
,YIL154C,,,
,YIL156W,,,
,YIL156W-B,,,
,YIL157C,,,
,YIL160C,,,
,YIL164C,,,
,YIL165C,,,
,YIL166C,,,
,YIR009W,,,
,YIR010W,,,
,YIR016W,,,
,YIR017C,,,
,YIR018C-A,,,
,YIR018W,,,
,YIR021W,,,
,YIR022W,,,
,YIR024C,,,
,YIR026C,,,
,YIR028W,,,
,YIR029W,,,
,YIR030C,,,
,YIR031C,,,
,YIR032C,,,
,YIR035C,,,
,YIR036C,,,
,YIR037W,,,
,YIR038C,,,
,YIR039C,,,
,YIR042C,,,
,YJL001W,,,
,YJL004C,,,
,YJL006C,,,
,YJL011C,,,
,YJL016W,,,
,YJL023C,,,
,YJL024C,,,
,YJL030W,,,
,YJL031C,,,
,YJL035C,,,
,YJL037W,,,
,YJL043W,,,
,YJL044C,,,
,YJL047C,,,
,YJL048C,,,
,YJL054W,,,
,YJL055W,,,
,YJL057C,,,
,YJL059W,,,
,YJL062W-A,,,
,YJL063C,,,
,YJL065C,,,
,YJL068C,,,
,YJL071W,,,
,YJL072C,,,
,YJL073W,,,
,YJL077C,,,
,YJL077W-A,,,
,YJL077W-B,,,
,YJL079C,,,
,YJL088W,,,
,YJL093C,,,
,YJL097W,,,
,YJL100W,,,
,YJL106W,,,
,YJL107C,,,
,YJL110C,,,
,YJL116C,,,
,YJL117W,,,
,YJL118W,,,
,YJL119C,,,
,YJL121C,,,
,YJL122W,,,
,YJL124C,,,
,YJL127C-B,,,
,YJL128C,,,
,YJL133C-A,,,
,YJL133W,,,
,YJL135W,,,
,YJL136C,,,
,YJL137C,,,
,YJL140W,,,
,YJL142C,,,
,YJL143W,,,
,YJL151C,,,
,YJL158C,,,
,YJL161W,,,
,YJL163C,,,
,YJL166W,,,
,YJL170C,,,
,YJL173C,,,
,YJL174W,,,
,YJL179W,,,
,YJL183W,,,
,YJL184W,,,
,YJL189W,,,
,YJL192C,,,
,YJL196C,,,
,YJL198W,,,
,YJL203W,,,
,YJL205C,,,
,YJL210W,,,
,YJL211C,,,
,YJL213W,,,
,YJL216C,,,
,YJL217W,,,
,YJL218W,,,
,YJL219W,,,
,YJR001W,,,
,YJR003C,,,
,YJR006W,,,
,YJR009C,,,
,YJR010W,,,
,YJR011C,,,
,YJR012C,,,
,YJR014W,,,
,YJR015W,,,
,YJR019C,,,
,YJR020W,,,
,YJR021C,,,
,YJR024C,,,
,YJR032W,,,
,YJR034W,,,
,YJR036C,,,
,YJR043C,,,
,YJR044C,,,
,YJR046W,,,
,YJR047C,,,
,YJR049C,,,
,YJR056C,,,
,YJR057W,,,
,YJR058C,,,
,YJR063W,,,
,YJR064W,,,
,YJR065C,,,
,YJR068W,,,
,YJR070C,,,
,YJR073C,,,
,YJR074W,,,
,YJR080C,,,
,YJR085C,,,
,YJR086W,,,
,YJR087W,,,
,YJR093C,,,
,YJR094W-A,,,
,YJR096W,,,
,YJR097W,,,
,YJR099W,,,
,YJR100C,,,
,YJR101W,,,
,YJR103W,,,
,YJR105W,,,
,YJR106W,,,
,YJR108W,,,
,YJR110W,,,
,YJR111C,,,
,YJR112W-A,,,
,YJR113C,,,
,YJR116W,,,
,YJR118C,,,
,YJR123W,,,
,YJR124C,,,
,YJR129C,,,
,YJR133W,,,
,YJR136C,,,
,YJR139C,,,
,YJR144W,,,
,YJR145C,,,
,YJR147W,,,
,YJR148W,,,
,YJR149W,,,
,YJR150C,,,
,YJR152W,,,
,YJR155W,,,
,YJR161C,,,
,YKL001C,,,
,YKL002W,,,
,YKL003C,,,
,YKL006C-A,,,
,YKL007W,,,
,YKL011C,,,
,YKL018C-A,,,
,YKL019W,,,
,YKL023W,,,
,YKL024C,,,
,YKL026C,,,
,YKL028W,,,
,YKL029C,,,
,YKL033W-A,,,
,YKL040C,,,
,YKL042W,,,
,YKL043W,,,
,YKL046C,,,
,YKL053C-A,,,
,YKL056C,,,
,YKL058W,,,
,YKL059C,,,
,YKL061W,,,
,YKL065C,,,
,YKL067W,,,
,YKL069W,,,
,YKL072W,,,
,YKL076C,,,
,YKL078W,,,
,YKL079W,,,
,YKL081W,,,
,YKL083W,,,
,YKL084W,,,
,YKL085W,,,
,YKL086W,,,
,YKL087C,,,
,YKL090W,,,
,YKL091C,,,
,YKL094W,,,
,YKL096W,,,
,YKL098W,,,
,YKL099C,,,
,YKL115C,,,
,YKL119C,,,
,YKL121W,,,
,YKL128C,,,
,YKL130C,,,
,YKL132C,,,
,YKL136W,,,
,YKL137W,,,
,YKL138C,,,
,YKL138C-A,,,
,YKL139W,,,
,YKL142W,,,
,YKL144C,,,
,YKL146W,,,
,YKL149C,,,
,YKL150W,,,
,YKL151C,,,
,YKL152C,,,
,YKL154W,,,
,YKL156W,,,
,YKL161C,,,
,YKL162C-A,,,
,YKL165C-A,,,
,YKL166C,,,
,YKL170W,,,
,YKL178C,,,
,YKL181W,,,
,YKL183W,,,
,YKL185W,,,
,YKL186C,,,
,YKL187C,,,
,YKL190W,,,
,YKL191W,,,
,YKL192C,,,
,YKL198C,,,
,YKL206C,,,
,YKL207W,,,
,YKL208W,,,
,YKL211C,,,
,YKL214C,,,
,YKL217W,,,
,YKL219W,,,
,YKL222C,,,
,YKR004C,,,
,YKR007W,,,
,YKR009C,,,
,YKR011C,,,
,YKR012C,,,
,YKR019C,,,
,YKR025W,,,
,YKR026C,,,
,YKR037C,,,
,YKR038C,,,
,YKR041W,,,
,YKR042W,,,
,YKR044W,,,
,YKR045C,,,
,YKR046C,,,
,YKR048C,,,
,YKR049C,,,
,YKR050W,,,
,YKR051W,,,
,YKR052C,,,
,YKR057W,,,
,YKR060W,,,
,YKR065C,,,
,YKR066C,,,
,YKR068C,,,
,YKR069W,,,
,YKR070W,,,
,YKR074W,,,
,YKR075C,,,
,YKR077W,,,
,YKR078W,,,
,YKR080W,,,
,YKR083C,,,
,YKR085C,,,
,YKR086W,,,
,YKR087C,,,
,YKR088C,,,
,YKR091W,,,
,YKR094C,,,
,YKR095W-A,,,
,YKR097W,,,
,YKR098C,,,
,YKR100C,,,
,YKR104W,,,
,YLL002W,,,
,YLL009C,,,
,YLL010C,,,
,YLL014W,,,
,YLL023C,,,
,YLL025W,,,
,YLL027W,,,
,YLL029W,,,
,YLL033W,,,
,YLL036C,,,
,YLL038C,,,
,YLL039C,,,
,YLL045C,,,
,YLL049W,,,
,YLL050C,,,
,YLL051C,,,
,YLL052C,,,
,YLL053C,,,
,YLL056C,,,
,YLL060C,,,
,YLL062C,,,
,YLL063C,,,
,YLR003C,,,
,YLR004C,,,
,YLR005W,,,
,YLR007W,,,
,YLR008C,,,
,YLR009W,,,
,YLR010C,,,
,YLR011W,,,
,YLR014C,,,
,YLR016C,,,
,YLR017W,,,
,YLR018C,,,
,YLR019W,,,
,YLR020C,,,
,YLR021W,,,
,YLR022C,,,
,YLR027C,,,
,YLR030W,,,
,YLR031W,,,
,YLR035C,,,
,YLR036C,,,
,YLR038C,,,
,YLR040C,,,
,YLR049C,,,
,YLR052W,,,
,YLR059C,,,
,YLR063W,,,
,YLR064W,,,
,YLR065C,,,
,YLR066W,,,
,YLR068W,,,
,YLR070C,,,
,YLR074C,,,
,YLR077W,,,
,YLR078C,,,
,YLR079W,,,
,YLR080W,,,
,YLR081W,,,
,YLR085C,,,
,YLR089C,,,
,YLR091W,,,
,YLR093C,,,
,YLR097C,,,
,YLR098C,,,
,YLR099C,,,
,YLR099W-A,,,
,YLR100W,,,
,YLR102C,,,
,YLR104W,,,
,YLR105C,,,
,YLR107W,,,
,YLR109W,,,
,YLR110C,,,
,YLR112W,,,
,YLR115W,,,
,YLR118C,,,
,YLR119W,,,
,YLR124W,,,
,YLR125W,,,
,YLR127C,,,
,YLR128W,,,
,YLR130C,,,
,YLR132C,,,
,YLR137W,,,
,YLR141W,,,
,YLR145W,,,
,YLR146C,,,
,YLR146W-A,,,
,YLR147C,,,
,YLR152C,,,
,YLR154C,,,
,YLR162W-A,,,
,YLR164W,,,
,YLR167W,,,
,YLR170C,,,
,YLR172C,,,
,YLR173W,,,
,YLR177W,,,
,YLR178C,,,
,YLR179C,,,
,YLR181C,,,
,YLR183C,,,
,YLR185W,,,
,YLR186W,,,
,YLR188W,,,
,YLR190W,,,
,YLR191W,,,
,YLR192C,,,
,YLR193C,,,
,YLR194C,,,
,YLR201C,,,
,YLR202C,,,
,YLR209C,,,
,YLR210W,,,
,YLR212C,,,
,YLR213C,,,
,YLR214W,,,
,YLR224W,,,
,YLR226W,,,
,YLR227C,,,
,YLR231C,,,
,YLR233C,,,
,YLR234W,,,
,YLR235C,,,
,YLR237W,,,
,YLR239C,,,
,YLR242C,,,
,YLR243W,,,
,YLR246W,,,
,YLR251W,,,
,YLR252W,,,
,YLR257W,,,
,YLR262C-A,,,
,YLR264W,,,
,YLR266C,,,
,YLR268W,,,
,YLR271W,,,
,YLR273C,,,
,YLR274W,,,
,YLR276C,,,
,YLR283W,,,
,YLR284C,,,
,YLR285W,,,
,YLR287C-A,,,
,YLR288C,,,
,YLR295C,,,
,YLR298C,,,
,YLR299W,,,
,YLR306W,,,
,YLR312C,,,
,YLR312W-A,,,
,YLR313C,,,
,YLR315W,,,
,YLR316C,,,
,YLR317W,,,
,YLR318W,,,
,YLR325C,,,
,YLR326W,,,
,YLR327C,,,
,YLR333C,,,
,YLR340W,,,
,YLR344W,,,
,YLR346C,,,
,YLR348C,,,
,YLR350W,,,
,YLR351C,,,
,YLR353W,,,
,YLR360W,,,
,YLR361C,,,
,YLR361C-A,,,
,YLR363C,,,
,YLR363W-A,,,
,YLR364W,,,
,YLR366W,,,
,YLR370C,,,
,YLR372W,,,
,YLR375W,,,
,YLR378C,,,
,YLR381W,,,
,YLR388W,,,
,YLR390W-A,,,
,YLR395C,,,
,YLR404W,,,
,YLR405W,,,
,YLR406C,,,
,YLR411W,,,
,YLR412W,,,
,YLR414C,,,
,YLR417W,,,
,YLR426W,,,
,YLR437C,,,
,YLR438C-A,,,
,YLR439W,,,
,YLR443W,,,
,YLR446W,,,
,YLR453C,,,
,YLR455W,,,
,YLR456W,,,
,YLR459W,,,
,YLR460C,,,
,YML002W,,,
,YML003W,,,
,YML008C,,,
,YML009C,,,
,YML011C,,,
,YML012W,,,
,YML013W,,,
,YML015C,,,
,YML019W,,,
,YML021C,,,
,YML022W,,,
,YML024W,,,
,YML025C,,,
,YML026C,,,
,YML027W,,,
,YML028W,,,
,YML029W,,,
,YML032C,,,
,YML036W,,,
,YML038C,,,
,YML042W,,,
,YML050W,,,
,YML051W,,,
,YML052W,,,
,YML053C,,,
,YML055W,,,
,YML056C,,,
,YML057W,,,
,YML058W,,,
,YML060W,,,
,YML063W,,,
,YML064C,,,
,YML067C,,,
,YML078W,,,
,YML083C,,,
,YML085C,,,
,YML087C,,,
,YML092C,,,
,YML096W,,,
,YML099C,,,
,YML101C,,,
,YML101C-A,,,
,YML102W,,,
,YML106W,,,
,YML107C,,,
,YML108W,,,
,YML110C,,,
,YML116W-A,,,
,YML119W,,,
,YML121W,,,
,YML124C,,,
,YML125C,,,
,YML127W,,,
,YMR003W,,,
,YMR004W,,,
,YMR005W,,,
,YMR007W,,,
,YMR009W,,,
,YMR018W,,,
,YMR020W,,,
,YMR021C,,,
,YMR022W,,,
,YMR023C,,,
,YMR024W,,,
,YMR027W,,,
,YMR030W-A,,,
,YMR034C,,,
,YMR035W,,,
,YMR038C,,,
,YMR040W,,,
,YMR042W,,,
,YMR052W,,,
,YMR056C,,,
,YMR059W,,,
,YMR061W,,,
,YMR063W,,,
,YMR067C,,,
,YMR068W,,,
,YMR071C,,,
,YMR073C,,,
,YMR085W,,,
,YMR087W,,,
,YMR088C,,,
,YMR090W,,,
,YMR091C,,,
,YMR095C,,,
,YMR096W,,,
,YMR097C,,,
,YMR110C,,,
,YMR111C,,,
,YMR114C,,,
,YMR119W-A,,,
,YMR121C,,,
,YMR122W-A,,,
,YMR123W,,,
,YMR126C,,,
,YMR130W,,,
,YMR134W,,,
,YMR138W,,,
,YMR139W,,,
,YMR142C,,,
,YMR143W,,,
,YMR144W,,,
,YMR146C,,,
,YMR148W,,,
,YMR149W,,,
,YMR150C,,,
,YMR153C-A,,,
,YMR153W,,,
,YMR155W,,,
,YMR156C,,,
,YMR159C,,,
,YMR160W,,,
,YMR161W,,,
,YMR169C,,,
,YMR170C,,,
,YMR178W,,,
,YMR180C,,,
,YMR181C,,,
,YMR183C,,,
,YMR185W,,,
,YMR191W,,,
,YMR194C-A,,,
,YMR194W,,,
,YMR198W,,,
,YMR201C,,,
,YMR208W,,,
,YMR209C,,,
,YMR210W,,,
,YMR211W,,,
,YMR220W,,,
,YMR222C,,,
,YMR223W,,,
,YMR226C,,,
,YMR233W,,,
,YMR236W,,,
,YMR240C,,,
,YMR243C,,,
,YMR244C-A,,,
,YMR244W,,,
,YMR251W-A,,,
,YMR253C,,,
,YMR255W,,,
,YMR256C,,,
,YMR258C,,,
,YMR262W,,,
,YMR263W,,,
,YMR264W,,,
,YMR265C,,,
,YMR269W,,,
,YMR271C,,,
,YMR272C,,,
,YMR276W,,,
,YMR282C,,,
,YMR283C,,,
,YMR294W,,,
,YMR296C,,,
,YMR297W,,,
,YMR298W,,,
,YMR299C,,,
,YMR305C,,,
,YMR306W,,,
,YMR310C,,,
,YMR314W,,,
,YMR315W,,,
,YMR316W,,,
,YMR318C,,,
,YMR319C,,,
,YMR320W,,,
,YNL001W,,,
,YNL002C,,,
,YNL003C,,,
,YNL005C,,,
,YNL006W,,,
,YNL009W,,,
,YNL012W,,,
,YNL014W,,,
,YNL015W,,,
,YNL022C,,,
,YNL023C,,,
,YNL024C,,,
,YNL025C,,,
,YNL026W,,,
,YNL029C,,,
,YNL030W,,,
,YNL031C,,,
,YNL032W,,,
,YNL038W,,,
,YNL039W,,,
,YNL044W,,,
,YNL045W,,,
,YNL046W,,,
,YNL047C,,,
,YNL048W,,,
,YNL049C,,,
,YNL050C,,,
,YNL051W,,,
,YNL053W,,,
,YNL055C,,,
,YNL056W,,,
,YNL057W,,,
,YNL058C,,,
,YNL063W,,,
,YNL067W,,,
,YNL068C,,,
,YNL071W,,,
,YNL072W,,,
,YNL074C,,,
,YNL076W,,,
,YNL078W,,,
,YNL080C,,,
,YNL081C,,,
,YNL083W,,,
,YNL084C,,,
,YNL090W,,,
,YNL092W,,,
,YNL094W,,,
,YNL097C,,,
,YNL099C,,,
,YNL101W,,,
,YNL107W,,,
,YNL108C,,,
,YNL110C,,,
,YNL111C,,,
,YNL116W,,,
,YNL119W,,,
,YNL122C,,,
,YNL124W,,,
,YNL125C,,,
,YNL129W,,,
,YNL130C,,,
,YNL133C,,,
,YNL134C,,,
,YNL135C,,,
,YNL138W-A,,,
,YNL141W,,,
,YNL143C,,,
,YNL145W,,,
,YNL146C-A,,,
,YNL148C,,,
,YNL149C,,,
,YNL152W,,,
,YNL155W,,,
,YNL156C,,,
,YNL158W,,,
,YNL159C,,,
,YNL162W,,,
,YNL168C,,,
,YNL169C,,,
,YNL178W,,,
,YNL185C,,,
,YNL187W,,,
,YNL191W,,,
,YNL195C,,,
,YNL200C,,,
,YNL202W,,,
,YNL211C,,,
,YNL214W,,,
,YNL217W,,,
,YNL218W,,,
,YNL222W,,,
,YNL223W,,,
,YNL227C,,,
,YNL230C,,,
,YNL231C,,,
,YNL232W,,,
,YNL234W,,,
,YNL240C,,,
,YNL241C,,,
,YNL244C,,,
,YNL245C,,,
,YNL253W,,,
,YNL254C,,,
,YNL255C,,,
,YNL257C,,,
,YNL259C,,,
,YNL260C,,,
,YNL261W,,,
,YNL263C,,,
,YNL264C,,,
,YNL265C,,,
,YNL270C,,,
,YNL272C,,,
,YNL274C,,,
,YNL275W,,,
,YNL276C,,,
,YNL277W,,,
,YNL279W,,,
,YNL281W,,,
,YNL282W,,,
,YNL283C,,,
,YNL284C,,,
,YNL286W,,,
,YNL288W,,,
,YNL290W,,,
,YNL291C,,,
,YNL294C,,,
,YNL300W,,,
,YNL303W,,,
,YNL306W,,,
,YNL309W,,,
,YNL310C,,,
,YNL311C,,,
,YNL312W,,,
,YNL314W,,,
,YNL315C,,,
,YNL320W,,,
,YNL321W,,,
,YNL322C,,,
,YNL325C,,,
,YNL328C,,,
,YNL331C,,,
,YNR002C,,,
,YNR003C,,,
,YNR004W,,,
,YNR009W,,,
,YNR010W,,,
,YNR012W,,,
,YNR013C,,,
,YNR015W,,,
,YNR017W,,,
,YNR018W,,,
,YNR020C,,,
,YNR025C,,,
,YNR027W,,,
,YNR032C-A,,,
,YNR032W,,,
,YNR035C,,,
,YNR036C,,,
,YNR037C,,,
,YNR039C,,,
,YNR040W,,,
,YNR041C,,,
,YNR046W,,,
,YNR048W,,,
,YNR055C,,,
,YNR057C,,,
,YNR058W,,,
,YNR059W,,,
,YNR063W,,,
,YNR065C,,,
,YNR071C,,,
,YNR073C,,,
,YNR074C,,,
,YOL001W,,,
,YOL002C,,,
,YOL003C,,,
,YOL005C,,,
,YOL008W,,,
,YOL009C,,,
,YOL012C,,,
,YOL014W,,,
,YOL015W,,,
,YOL020W,,,
,YOL022C,,,
,YOL026C,,,
,YOL028C,,,
,YOL034W,,,
,YOL039W,,,
,YOL040C,,,
,YOL044W,,,
,YOL048C,,,
,YOL054W,,,
,YOL055C,,,
,YOL058W,,,
,YOL059W,,,
,YOL061W,,,
,YOL062C,,,
,YOL063C,,,
,YOL067C,,,
,YOL068C,,,
,YOL069W,,,
,YOL071W,,,
,YOL072W,,,
,YOL073C,,,
,YOL077C,,,
,YOL077W-A,,,
,YOL080C,,,
,YOL083W,,,
,YOL086C,,,
,YOL086W-A,,,
,YOL088C,,,
,YOL091W,,,
,YOL092W,,,
,YOL094C,,,
,YOL096C,,,
,YOL097W-A,,,
,YOL101C,,,
,YOL103W,,,
,YOL109W,,,
,YOL110W,,,
,YOL112W,,,
,YOL113W,,,
,YOL119C,,,
,YOL121C,,,
,YOL125W,,,
,YOL126C,,,
,YOL127W,,,
,YOL128C,,,
,YOL129W,,,
,YOL133W,,,
,YOL135C,,,
,YOL139C,,,
,YOL140W,,,
,YOL142W,,,
,YOL143C,,,
,YOL146W,,,
,YOL147C,,,
,YOL151W,,,
,YOL154W,,,
,YOL157C,,,
,YOL158C,,,
,YOL159C-A,,,
,YOL163W,,,
,YOL164W,,,
,YOR002W,,,
,YOR003W,,,
,YOR004W,,,
,YOR010C,,,
,YOR012W,,,
,YOR013W,,,
,YOR016C,,,
,YOR020W-A,,,
,YOR021C,,,
,YOR023C,,,
,YOR026W,,,
,YOR036W,,,
,YOR037W,,,
,YOR040W,,,
,YOR043W,,,
,YOR045W,,,
,YOR046C,,,
,YOR049C,,,
,YOR052C,,,
,YOR056C,,,
,YOR057W,,,
,YOR059C,,,
,YOR061W,,,
,YOR062C,,,
,YOR063W,,,
,YOR064C,,,
,YOR065W,,,
,YOR070C,,,
,YOR073W,,,
,YOR075W,,,
,YOR076C,,,
,YOR079C,,,
,YOR083W,,,
,YOR084W,,,
,YOR090C,,,
,YOR096W,,,
,YOR097C,,,
,YOR100C,,,
,YOR103C,,,
,YOR111W,,,
,YOR114W,,,
,YOR115C,,,
,YOR120W,,,
,YOR121C,,,
,YOR122C,,,
,YOR125C,,,
,YOR126C,,,
,YOR127W,,,
,YOR130C,,,
,YOR131C,,,
,YOR132W,,,
,YOR138C,,,
,YOR142W,,,
,YOR152C,,,
,YOR155C,,,
,YOR157C,,,
,YOR158W,,,
,YOR159C,,,
,YOR163W,,,
,YOR167C,,,
,YOR172W,,,
,YOR173W,,,
,YOR174W,,,
,YOR179C,,,
,YOR182C,,,
,YOR187W,,,
,YOR189W,,,
,YOR192C,,,
,YOR193W,,,
,YOR196C,,,
,YOR201C,,,
,YOR202W,,,
,YOR203W,,,
,YOR205C,,,
,YOR210W,,,
,YOR212W,,,
,YOR213C,,,
,YOR221C,,,
,YOR224C,,,
,YOR230W,,,
,YOR231W,,,
,YOR232W,,,
,YOR234C,,,
,YOR236W,,,
,YOR244W,,,
,YOR246C,,,
,YOR247W,,,
,YOR250C,,,
,YOR251C,,,
,YOR253W,,,
,YOR257W,,,
,YOR261C,,,
,YOR262W,,,
,YOR266W,,,
,YOR271C,,,
,YOR279C,,,
,YOR280C,,,
,YOR285W,,,
,YOR288C,,,
,YOR289W,,,
,YOR292C,,,
,YOR293W,,,
,YOR301W,,,
,YOR302W,,,
,YOR303W,,,
,YOR304C-A,,,
,YOR316C,,,
,YOR316C-A,,,
,YOR318C,,,
,YOR320C,,,
,YOR324C,,,
,YOR328W,,,
,YOR334W,,,
,YOR338W,,,
,YOR339C,,,
,YOR342C,,,
,YOR348C,,,
,YOR350C,,,
,YOR353C,,,
,YOR358W,,,
,YOR362C,,,
,YOR363C,,,
,YOR368W,,,
,YOR369C,,,
,YOR377W,,,
,YOR378W,,,
,YOR380W,,,
,YOR381W,,,
,YOR382W,,,
,YOR383C,,,
,YOR384W,,,
,YOR390W,,,
,YPL001W,,,
,YPL003W,,,
,YPL008W,,,
,YPL013C,,,
,YPL015C,,,
,YPL017C,,,
,YPL018W,,,
,YPL020C,,,
,YPL024W,,,
,YPL025C,,,
,YPL028W,,,
,YPL030W,,,
,YPL031C,,,
,YPL034W,,,
,YPL036W,,,
,YPL038W,,,
,YPL039W,,,
,YPL046C,,,
,YPL047W,,,
,YPL048W,,,
,YPL050C,,,
,YPL052W,,,
,YPL059W,,,
,YPL064C,,,
,YPL066W,,,
,YPL067C,,,
,YPL076W,,,
,YPL077C,,,
,YPL078C,,,
,YPL079W,,,
,YPL081W,,,
,YPL087W,,,
,YPL088W,,,
,YPL092W,,,
,YPL094C,,,
,YPL095C,,,
,YPL098C,,,
,YPL099C,,,
,YPL100W,,,
,YPL101W,,,
,YPL103C,,,
,YPL105C,,,
,YPL108W,,,
,YPL112C,,,
,YPL113C,,,
,YPL114W,,,
,YPL117C,,,
,YPL119C-A,,,
,YPL122C,,,
,YPL123C,,,
,YPL129W,,,
,YPL133C,,,
,YPL134C,,,
,YPL135W,,,
,YPL140C,,,
,YPL143W,,,
,YPL144W,,,
,YPL147W,,,
,YPL148C,,,
,YPL149W,,,
,YPL152W,,,
,YPL162C,,,
,YPL163C,,,
,YPL164C,,,
,YPL166W,,,
,YPL168W,,,
,YPL170W,,,
,YPL171C,,,
,YPL175W,,,
,YPL177C,,,
,YPL178W,,,
,YPL183W-A,,,
,YPL184C,,,
,YPL186C,,,
,YPL189C-A,,,
,YPL191C,,,
,YPL193W,,,
,YPL194W,,,
,YPL196W,,,
,YPL203W,,,
,YPL208W,,,
,YPL211W,,,
,YPL214C,,,
,YPL218W,,,
,YPL220W,,,
,YPL222W,,,
,YPL224C,,,
,YPL225W,,,
,YPL227C,,,
,YPL230W,,,
,YPL234C,,,
,YPL236C,,,
,YPL239W,,,
,YPL241C,,,
,YPL244C,,,
,YPL245W,,,
,YPL246C,,,
,YPL247C,,,
,YPL249C-A,,,
,YPL250C,,,
,YPL252C,,,
,YPL254W,,,
,YPL257W,,,
,YPL259C,,,
,YPL264C,,,
,YPL266W,,,
,YPL267W,,,
,YPL269W,,,
,YPL270W,,,
,YPL271W,,,
,YPL273W,,,
,YPL277C,,,
,YPR001W,,,
,YPR002W,,,
,YPR004C,,,
,YPR005C,,,
,YPR006C,,,
,YPR007C,,,
,YPR010C-A,,,
,YPR011C,,,
,YPR015C,,,
,YPR017C,,,
,YPR020W,,,
,YPR023C,,,
,YPR025C,,,
,YPR028W,,,
,YPR031W,,,
,YPR034W,,,
,YPR036W,,,
,YPR037C,,,
,YPR043W,,,
,YPR046W,,,
,YPR048W,,,
,YPR052C,,,
,YPR053C,,,
,YPR056W,,,
,YPR057W,,,
,YPR058W,,,
,YPR060C,,,
,YPR062W,,,
,YPR063C,,,
,YPR066W,,,
,YPR067W,,,
,YPR068C,,,
,YPR071W,,,
,YPR073C,,,
,YPR075C,,,
,YPR079W,,,
,YPR082C,,,
,YPR083W,,,
,YPR093C,,,
,YPR094W,,,
,YPR096C,,,
,YPR098C,,,
,YPR100W,,,
,YPR103W,,,
,YPR106W,,,
,YPR107C,,,
,YPR109W,,,
,YPR113W,,,
,YPR114W,,,
,YPR118W,,,
,YPR121W,,,
,YPR127W,,,
,YPR130C,,,
,YPR133W-A,,,
,YPR134W,,,
,YPR139C,,,
,YPR140W,,,
,YPR141C,,,
,YPR143W,,,
,YPR145W,,,
,YPR146C,,,
,YPR147C,,,
,YPR151C,,,
,YPR152C,,,
,YPR153W,,,
,YPR157W,,,
,YPR162C,,,
,YPR166C,,,
,YPR170W-B,,,
,YPR171W,,,
,YPR173C,,,
,YPR174C,,,
,YPR176C,,,
,YPR180W,,,
,YPR182W,,,
,YPR183W,,,
,YPR187W,,,
,YPR188C,,,
,YPR192W,,,
,YPR193C,,,
,YPR195C,,,
,YPR198W,,,
,YPR201W,,,
