1,2A,2B,2C,3A,3B
YAL013W,YBR016W,YAL002W,YAL003W,YAL017W,YAL016W
YAL029C,YBR061C,YAL007C,YAL005C,YAL021C,YAR002W
YAL056W,YBR086C,YAL014C,YAL012W,YAL031C,YAR007C
YAL059W,YBR101C,YAL015C,YAL023C,YAL032C,YAR015W
YBL014C,YBR108W,YAL020C,YAL036C,YAL035W,YBL007C
YBL017C,YBR154C,YAL030W,YAL049C,YAL041W,YBL022C
YBL059W,YBR171W,YAL033W,YAL053W,YAL043C,YBL039C
YBL067C,YBR264C,YAL034C,YAR002C-A,YAL048C,YBL042C
YBL090W,YDL007W,YAL038W,YBL030C,YAL051W,YBL068W
YBR002C,YDR098C,YAL040C,YBL032W,YAL058W,YBL076C
YBR009C,YDR267C,YAL044C,YBL040C,YAR014C,YBR023C
YBR044C,YEL024W,YAL044W-A,YBL045C,YAR018C,YBR039W
YBR071W,YER012W,YAL046C,YBL050W,YAR019C,YBR046C
YBR091C,YGL027C,YAL060W,YBL057C,YAR042W,YBR058C
YBR104W,YGL111W,YAL061W,YBL082C,YBL004W,YBR080C
YBR114W,YGL181W,YAR003W,YBL099W,YBL008W,YBR084W
YBR122C,YGL231C,YAR028W,YBR011C,YBL016W,YBR087W
YBR158W,YGL242C,YBL001C,YBR015C,YBL023C,YBR088C
YBR203W,YGR021W,YBL002W,YBR026C,YBL024W,YBR115C
YBR223C,YGR026W,YBL003C,YBR035C,YBL033C,YBR121C
YBR237W,YGR082W,YBL006C,YBR041W,YBL037W,YBR127C
YBR282W,YGR149W,YBL018C,YBR053C,YBL038W,YBR143C
YBR295W,YGR157W,YBL026W,YBR056W,YBL061C,YBR160W
YCR008W,YGR161C,YBL027W,YBR069C,YBL066C,YBR166C
YCR027C,YGR207C,YBL036C,YBR078W,YBL069W,YBR218C
YCR095C,YHR133C,YBL041W,YBR092C,YBL079W,YBR248C
YDL033C,YHR148W,YBL056W,YBR096W,YBL084C,YBR249C
YDL035C,YHR200W,YBL064C,YBR118W,YBL085W,YBR273C
YDL048C,YIL044C,YBL072C,YBR139W,YBL088C,YBR288C
YDL080C,YJL014W,YBL087C,YBR149W,YBL093C,YCL017C
YDL111C,YJL070C,YBL091C,YBR159W,YBL095W,YCL028W
YDL167C,YJL111W,YBL092W,YBR177C,YBL101C,YCL030C
YDL175C,YJL124C,YBL102W,YBR181C,YBL104C,YCL045C
YDL194W,YJL145W,YBR004C,YBR196C,YBL105C,YCL057W
YDR033W,YJL172W,YBR005W,YBR199W,YBL106C,YCL059C
YDR041W,YJL178C,YBR006W,YBR221C,YBR001C,YCL064C
YDR043C,YJR008W,YBR008C,YBR222C,YBR034C,YCR002C
YDR054C,YJR117W,YBR010W,YBR234C,YBR037C,YCR037C
YDR107C,YJR126C,YBR025C,YBR243C,YBR038W,YCR053W
YDR116C,YJR142W,YBR031W,YBR246W,YBR049C,YCR067C
YDR143C,YKL034W,YBR036C,YBR256C,YBR055C,YCR069W
YDR145W,YKL094W,YBR043C,YBR263W,YBR059C,YCR088W
YDR170C,YKR092C,YBR048W,YBR265W,YBR065C,YDL014W
YDR184C,YLR018C,YBR052C,YBR283C,YBR073W,YDL040C
YDR197W,YLR052W,YBR054W,YBR286W,YBR079C,YDL042C
YDR207C,YLR194C,YBR056W-A,YCL043C,YBR081C,YDL095W
YDR222W,YLR207W,YBR058C-A,YCL050C,YBR083W,YDL097C
YDR247W,YML010W,YBR062C,YCR004C,YBR094W,YDL103C
YDR249C,YML074C,YBR067C,YCR012W,YBR097W,YDL131W
YDR265W,YML105C,YBR068C,YCR017C,YBR103W,YDL134C
YDR329C,YML129C,YBR070C,YCR034W,YBR112C,YDL141W
YDR331W,YMR002W,YBR072W,YDL015C,YBR133C,YDL143W
YDR334W,YMR200W,YBR077C,YDL022W,YBR140C,YDL145C
YDR347W,YMR266W,YBR082C,YDL029W,YBR142W,YDL150W
YDR350C,YNL016W,YBR084C-A,YDL051W,YBR146W,YDL164C
YDR371W,YNL036W,YBR085C-A,YDL052C,YBR150C,YDL168W
YDR392W,YNL064C,YBR089C-A,YDL054C,YBR170C,YDL171C
YDR409W,YNL121C,YBR106W,YDL055C,YBR172C,YDL182W
YDR411C,YNL247W,YBR109C,YDL078C,YBR195C,YDL185W
YDR423C,YNL323W,YBR111C,YDL082W,YBR198C,YDL193W
YDR524C,YOL077C,YBR135W,YDL084W,YBR202W,YDL201W
YEL007W,YOR209C,YBR137W,YDL100C,YBR208C,YDR019C
YEL025C,YOR239W,YBR145W,YDL124W,YBR211C,YDR035W
YEL046C,YOR243C,YBR151W,YDL126C,YBR214W,YDR036C
YEL062W,YOR276W,YBR162C,YDL128W,YBR216C,YDR037W
YER005W,YOR286W,YBR162W-A,YDL135C,YBR225W,YDR051C
YER035W,YPL053C,YBR164C,YDL137W,YBR245C,YDR091C
YER061C,YPL063W,YBR169C,YDL165W,YBR251W,YDR093W
YER130C,YPL239W,YBR173C,YDL174C,YBR260C,YDR101C
YER158C,YPR016C,YBR175W,YDL188C,YBR267W,YDR120C
YER159C,YPR091C,YBR187W,YDL192W,YBR275C,YDR127W
YER170W,YPR171W,YBR189W,YDL212W,YBR280C,YDR129C
YER176W,YPR172W,YBR191W,YDL217C,YBR289W,YDR135C
YER182W,YDR077W,YBR197C,YDL229W,YCL008C,YDR148C
YFL004W,YDR462W,YBR201W,YDL236W,YCL014W,YDR177W
YFL021W,YER079W,YBR204C,YDL237W,YCL016C,YDR188W
YFL027C,YGR211W,YBR205W,YDR012W,YCL029C,YDR189W
YFR007W,YHL031C,YBR230C,YDR032C,YCL031C,YDR212W
YFR048W,YHR042W,YBR235W,YDR044W,YCL032W,YDR238C
YGL023C,YJL159W,YBR244W,YDR050C,YCL034W,YDR268W
YGL036W,YKR072C,YBR252W,YDR055W,YCL036W,YDR292C
YGL049C,YNL074C,YBR261C,YDR062W,YCL037C,YDR296W
YGL140C,YNL321W,YBR268W,YDR071C,YCL054W,YDR300C
YGL142C,YOL111C,YBR269C,YDR158W,YCL063W,YDR309C
YGL151W,YOR085W,YBR274W,YDR167W,YCR030C,YDR320C
YGL179C,YPL252C,YBR276C,YDR234W,YCR032W,YDR341C
YGL208W,YDR161W,YBR287W,YDR245W,YCR033W,YDR346C
YGL211W,YDR465C,YBR291C,YDR284C,YCR042C,YDR354W
YGL237C,YGL101W,YCL001W,YDR298C,YCR047C,YDR361C
YGL248W,YGL112C,YCL002C,YDR321W,YCR065W,YDR384C
YGR041W,YKL073W,YCL005W,YDR353W,YCR072C,YDR388W
YGR062C,YKL110C,YCL005W-A,YDR368W,YCR077C,YDR415C
YGR070W,YKL206C,YCL009C,YDR372C,YCR081W,YDR477W
YGR101W,YKR084C,YCL010C,YDR385W,YCR084C,YDR502C
YGR127W,YLR132C,YCL011C,YDR429C,YCR093W,YDR539W
YGR142W,YLR196W,YCL033C,YDR432W,YDL005C,YEL002C
YGR147C,YNL100W,YCL035C,YDR444W,YDL013W,YEL031W
YGR162W,YOR340C,YCL040W,YDR483W,YDL019C,YEL056W
YGR170W,YPL122C,YCL047C,YDR487C,YDL020C,YEL065W
YGR223C,YDR306C,YCL049C,YDR497C,YDL031W,YER003C
YGR238C,YDR514C,YCL051W,YDR508C,YDL058W,YER006W
YGR258C,YER078C,YCL052C,YDR516C,YDL060W,YER021W
YGR288W,YFR010W,YCL057C-A,YDR518W,YDL066W,YER025W
YHL008C,YKR030W,YCR009C,YEL037C,YDL074C,YER026C
YHL025W,YNR048W,YCR021C,YEL040W,YDL087C,YER027C
YHL036W,YPL118W,YCR023C,YEL042W,YDL088C,YER036C
YHR034C,,YCR024C-A,YEL047C,YDL102W,YER043C
YHR058C,,YCR024C-B,YEL054C,YDL112W,YER049W
YHR078W,,YCR028C-A,YEL058W,YDL116W,YER052C
YHR082C,,YCR031C,YER055C,YDL117W,YER056C
YHR131C,,YCR036W,YER089C,YDL122W,YER069W
YHR150W,,YCR043C,YER094C,YDL132W,YER083C
YHR195W,,YCR046C,YER102W,YDL133W,YER086W
YIL003W,,YCR048W,YER107C,YDL140C,YER090W
YIL017C,,YCR051W,YER165W,YDL155W,YER091C
YIL031W,,YCR059C,YER177W,YDL159W,YER100W
YIL056W,,YCR068W,YER178W,YDL160C,YER110C
YIL077C,,YCR073W-A,YFL005W,YDL190C,YER126C
YIL134W,,YCR075C,YFL010C,YDL195W,YER136W
YIL151C,,YCR076C,YFL018C,YDL198C,YER143W
YIL156W,,YCR079W,YFL026W,YDL203C,YER156C
YIR002C,,YCR082W,YFL028C,YDL215C,YER166W
YIR016W,,YCR083W,YFL034C-A,YDL220C,YER168C
YJL063C,,YCR090C,YFL038C,YDL224C,YFL022C
YJL072C,,YCR097W,YFL039C,YDL225W,YFR006W
YJL078C,,YDL004W,YFL041W,YDL227C,YFR009W
YJL099W,,YDL046W,YFL045C,YDL233W,YFR051C
YJL100W,,YDL047W,YFL048C,YDL234C,YFR052W
YJL101C,,YDL061C,YFR024C-A,YDL240W,YGL009C
YJL104W,,YDL064W,YFR031C-A,YDR001C,YGL016W
YJL133W,,YDL067C,YFR042W,YDR006C,YGL026C
YJL139C,,YDL070W,YFR044C,YDR011W,YGL038C
YJL165C,,YDL072C,YFR053C,YDR017C,YGL040C
YJL171C,,YDL075W,YGL001C,YDR028C,YGL048C
YJL212C,,YDL081C,YGL011C,YDR034C,YGL055W
YJR019C,,YDL083C,YGL012W,YDR061W,YGL065C
YJR021C,,YDL086W,YGL022W,YDR072C,YGL078C
YJR039W,,YDL092W,YGL037C,YDR074W,YGL091C
YJR101W,,YDL120W,YGL068W,YDR081C,YGL119W
YJR110W,,YDL125C,YGL076C,YDR089W,YGL120C
YJR113C,,YDL130W,YGL077C,YDR096W,YGL122C
YJR144W,,YDL133C-A,YGL084C,YDR097C,YGL130W
YKL052C,,YDL136W,YGL105W,YDR103W,YGL137W
YKL064W,,YDL138W,YGL115W,YDR119W,YGL156W
YKL167C,,YDL142C,YGL147C,YDR122W,YGL161C
YKL170W,,YDL144C,YGL148W,YDR123C,YGL169W
YKL183W,,YDL146W,YGL157W,YDR128W,YGL195W
YKL198C,,YDL157C,YGL221C,YDR141C,YGL202W
YKL204W,,YDL173W,YGR019W,YDR142C,YGL207W
YKR006C,,YDL180W,YGR132C,YDR144C,YGL219C
YKR007W,,YDL184C,YGR135W,YDR147W,YGL234W
YKR036C,,YDL191W,YGR175C,YDR150W,YGL245W
YKR038C,,YDL206W,YGR180C,YDR151C,YGL253W
YKR052C,,YDL208W,YGR185C,YDR153C,YGR012W
YKR085C,,YDL226C,YGR191W,YDR159W,YGR060W
YLL038C,,YDL231C,YGR192C,YDR165W,YGR061C
YLL039C,,YDL235C,YGR253C,YDR166C,YGR078C
YLR072W,,YDL238C,YGR262C,YDR171W,YGR080W
YLR087C,,YDR002W,YGR267C,YDR172W,YGR083C
YLR099C,,YDR003W,YGR284C,YDR175C,YGR094W
YLR107W,,YDR007W,YHL032C,YDR176W,YGR123C
YLR114C,,YDR016C,YHL033C,YDR180W,YGR124W
YLR168C,,YDR023W,YHL034C,YDR194C,YGR155W
YLR177W,,YDR025W,YHR009C,YDR200C,YGR159C
YLR206W,,YDR031W,YHR016C,YDR208W,YGR173W
YLR276C,,YDR046C,YHR020W,YDR216W,YGR177C
YLR283W,,YDR047W,YHR029C,YDR237W,YGR189C
YLR324W,,YDR059C,YHR039C,YDR244W,YGR193C
YLR345W,,YDR064W,YHR045W,YDR251W,YGR195W
YLR417W,,YDR086C,YHR049W,YDR266C,YGR200C
YLR430W,,YDR092W,YHR050W,YDR280W,YGR204W
YML018C,,YDR099W,YHR064C,YDR283C,YGR205W
YML038C,,YDR100W,YHR072W,YDR291W,YGR218W
YML052W,,YDR134C,YHR074W,YDR293C,YGR234W
YML077W,,YDR152W,YHR076W,YDR294C,YGR240C
YML081W,,YDR154C,YHR092C,YDR301W,YGR244C
YML088W,,YDR155C,YHR115C,YDR303C,YGR264C
YML099C,,YDR156W,YHR122W,YDR310C,YGR285C
YMR042W,,YDR160W,YHR128W,YDR324C,YHL002W
YMR061W,,YDR174W,YHR146W,YDR326C,YHL011C
YMR080C,,YDR178W,YHR174W,YDR337W,YHL039W
YMR089C,,YDR182W,YHR183W,YDR338C,YHR001W
YMR104C,,YDR186C,YHR190W,YDR348C,YHR007C
YMR135C,,YDR196C,YHR203C,YDR351W,YHR013C
YMR145C,,YDR204W,YHR208W,YDR358W,YHR018C
YMR161W,,YDR210W,YIL018W,YDR362C,YHR019C
YMR162C,,YDR214W,YIL033C,YDR375C,YHR027C
YMR210W,,YDR224C,YIL034C,YDR389W,YHR047C
YMR222C,,YDR225W,YIL039W,YDR394W,YHR063C
YMR263W,,YDR226W,YIL041W,YDR395W,YHR065C
YMR272C,,YDR231C,YIL053W,YDR399W,YHR070W
YMR273C,,YDR232W,YIL076W,YDR405W,YHR097C
YMR282C,,YDR233C,YIL083C,YDR407C,YHR108W
YMR293C,,YDR248C,YIL088C,YDR422C,YHR113W
YNL005C,,YDR260C,YIL094C,YDR430C,YHR132C
YNL029C,,YDR272W,YIL117C,YDR436W,YHR170W
YNL032W,,YDR275W,YIL133C,YDR443C,YHR179W
YNL044W,,YDR276C,YIL142W,YDR451C,YHR216W
YNL073W,,YDR297W,YIL145C,YDR457W,YIL015W
YNL077W,,YDR304C,YIL162W,YDR463W,YIL070C
YNL081C,,YDR322C-A,YJL001W,YDR466W,YIL074C
YNL124W,,YDR328C,YJL002C,YDR470C,YIL078W
YNL142W,,YDR345C,YJL026W,YDR475C,YIL106W
YNL155W,,YDR363W-A,YJL068C,YDR490C,YIL116W
YNL172W,,YDR365C,YJL081C,YDR494W,YIL125W
YNL180C,,YDR367W,YJL097W,YDR498C,YIR012W
YNL185C,,YDR373W,YJL153C,YDR507C,YIR026C
YNL199C,,YDR374W-A,YJL183W,YEL011W,YJL008C
YNL234W,,YDR377W,YJL196C,YEL015W,YJL041W
YNL257C,,YDR378C,YJR009C,YEL020C,YJL048C
YNL288W,,YDR381W,YJR014W,YEL022W,YJL060W
YNL293W,,YDR382W,YJR065C,YEL032W,YJL062W
YNR017W,,YDR387C,YJR103W,YEL050C,YJL080C
YNR027W,,YDR391C,YJR105W,YEL053C,YJL110C
YNR039C,,YDR404C,YJR121W,YER008C,YJL123C
YNR041C,,YDR408C,YJR123W,YER017C,YJL130C
YOL032W,,YDR410C,YJR139C,YER064C,YJL138C
YOL059W,,YDR418W,YJR143C,YER068W,YJL167W
YOL067C,,YDR424C,YJR145C,YER070W,YJL186W
YOL081W,,YDR435C,YJR148W,YER073W,YJL198W
YOL148C,,YDR441C,YKL033W-A,YER075C,YJL200C
YOR052C,,YDR447C,YKL035W,YER082C,YJR007W
YOR086C,,YDR450W,YKL060C,YER095W,YJR015W
YOR092W,,YDR452W,YKL085W,YER105C,YJR016C
YOR137C,,YDR453C,YKL096W,YER114C,YJR045C
YOR150W,,YDR454C,YKL103C,YER122C,YJR064W
YOR181W,,YDR456W,YKL142W,YER124C,YJR069C
YOR191W,,YDR461C-A,YKL144C,YER125W,YJR070C
YOR213C,,YDR461W,YKL150W,YER132C,YJR072C
YOR275C,,YDR471W,YKL152C,YER141W,YJR075W
YOR297C,,YDR476C,YKL191W,YER147C,YJR088C
YOR301W,,YDR488C,YKL211C,YER151C,YJR125C
YOR324C,,YDR493W,YKL218C,YER155C,YJR132W
YOR355W,,YDR500C,YKR018C,YER157W,YKL008C
YOR377W,,YDR510W,YKR043C,YER164W,YKL009W
YOR380W,,YDR511W,YKR048C,YER167W,YKL018W
YOR385W,,YDR512C,YKR059W,YER169W,YKL021C
YPL013C,,YDR513W,YKR065C,YFL001W,YKL027W
YPL022W,,YDR517W,YKR066C,YFL007W,YKL039W
YPL095C,,YDR519W,YKR070W,YFL008W,YKL080W
YPL137C,,YDR524C-B,YKR088C,YFL016C,YKL081W
YPL140C,,YDR529C,YLL018C,YFL024C,YKL100C
YPL151C,,YDR533C,YLL024C,YFL033C,YKL104C
YPL167C,,YEL001C,YLL045C,YFL036W,YKL120W
YPL176C,,YEL006W,YLR008C,YFL047W,YKL126W
YPL184C,,YEL009C,YLR027C,YFL049W,YKL127W
YPL195W,,YEL017C-A,YLR029C,YFR002W,YKL145W
YPL196W,,YEL017W,YLR044C,YFR015C,YKL157W
YPL224C,,YEL020W-A,YLR056W,YFR028C,YKL175W
YPL247C,,YEL026W,YLR075W,YFR029W,YKL181W
YPL250C,,YEL027W,YLR083C,YFR030W,YKL182W
YPR066W,,YEL033W,YLR089C,YFR038W,YKL185W
YPR070W,,YEL034W,YLR167W,YFR040W,YKL210W
YPR093C,,YEL038W,YLR172C,YGL003C,YKL212W
YPR107C,,YEL044W,YLR175W,YGL013C,YKL216W
YPR115W,,YEL051W,YLR180W,YGL014W,YKR001C
YPR117W,,YEL052W,YLR192C,YGL017W,YKR026C
YPR152C,,YEL066W,YLR209C,YGL021W,YKR056W
,,YER004W,YLR229C,YGL025C,YKR067W
,,YER007C-A,YLR231C,YGL035C,YKR076W
,,YER009W,YLR259C,YGL043W,YKR081C
,,YER010C,YLR300W,YGL045W,YLL008W
,,YER016W,YLR301W,YGL056C,YLL048C
,,YER018C,YLR340W,YGL062W,YLR017W
,,YER019C-A,YLR354C,YGL073W,YLR028C
,,YER020W,YLR372W,YGL092W,YLR058C
,,YER023W,YLR420W,YGL093W,YLR060W
,,YER031C,YLR429W,YGL094C,YLR133W
,,YER037W,YLR432W,YGL095C,YLR153C
,,YER044C,YLR441C,YGL097W,YLR186W
,,YER048C,YLR448W,YGL107C,YLR195C
,,YER048W-A,YML001W,YGL116W,YLR197W
,,YER053C,YML004C,YGL125W,YLR208W
,,YER056C-A,YML019W,YGL129C,YLR244C
,,YER057C,YML021C,YGL131C,YLR249W
,,YER060W,YML048W,YGL141W,YLR270W
,,YER062C,YML056C,YGL143C,YLR291C
,,YER063W,YML057W,YGL163C,YLR304C
,,YER067W,YML063W,YGL172W,YLR312W-A
,,YER072W,YML073C,YGL173C,YLR328W
,,YER074W,YML085C,YGL178W,YLR342W
,,YER074W-A,YML092C,YGL190C,YLR359W
,,YER081W,YML106W,YGL197W,YLR380W
,,YER087C-B,YML124C,YGL201C,YLR401C
,,YER088C,YML125C,YGL203C,YLR413W
,,YER092W,YML131W,YGL206C,YLR418C
,,YER103W,YMR027W,YGL209W,YLR433C
,,YER109C,YMR038C,YGL213C,YLR450W
,,YER117W,YMR062C,YGL216W,YML008C
,,YER119C,YMR083W,YGL236C,YML031W
,,YER120W,YMR088C,YGL241W,YML070W
,,YER131W,YMR092C,YGR009C,YML072C
,,YER133W,YMR099C,YGR013W,YML075C
,,YER134C,YMR105C,YGR028W,YML086C
,,YER144C,YMR116C,YGR031W,YML119W
,,YER145C,YMR178W,YGR040W,YML126C
,,YER146W,YMR184W,YGR048W,YMR006C
,,YER148W,YMR191W,YGR052W,YMR015C
,,YER150W,YMR208W,YGR054W,YMR049C
,,YER152C,YMR226C,YGR065C,YMR079W
,,YER154W,YMR238W,YGR068C,YMR091C
,,YER163C,YMR243C,YGR077C,YMR108W
,,YER174C,YMR276W,YGR079W,YMR110C
,,YER183C,YMR296C,YGR084C,YMR120C
,,YER184C,YMR297W,YGR086C,YMR131C
,,YER186C,YMR298W,YGR090W,YMR146C
,,YFL017C,YMR315W,YGR092W,YMR152W
,,YFL017W-A,YMR318C,YGR098C,YMR153W
,,YFL030W,YNL010W,YGR100W,YMR186W
,,YFL031W,YNL037C,YGR108W,YMR189W
,,YFL037W,YNL045W,YGR116W,YMR203W
,,YFR003C,YNL071W,YGR119C,YMR205C
,,YFR018C,YNL108C,YGR130C,YMR214W
,,YFR022W,YNL130C,YGR134W,YMR215W
,,YFR025C,YNL134C,YGR141W,YMR217W
,,YFR032C-A,YNL138W,YGR143W,YMR246W
,,YFR047C,YNL160W,YGR165W,YMR290C
,,YFR050C,YNL168C,YGR184C,YMR307W
,,YFR055W,YNL208W,YGR194C,YNL022C
,,YGL002W,YNL209W,YGR198W,YNL026W
,,YGL019W,YNL241C,YGR202C,YNL049C
,,YGL030W,YNL255C,YGR217W,YNL104C
,,YGL031C,YNL301C,YGR220C,YNL112W
,,YGL039W,YNR001C,YGR229C,YNL116W
,,YGL047W,YNR035C,YGR237C,YNL132W
,,YGL054C,YNR050C,YGR241C,YNL141W
,,YGL063W,YOL002C,YGR250C,YNL157W
,,YGL067W,YOL022C,YGR266W,YNL173C
,,YGL070C,YOL030W,YGR270W,YNL175C
,,YGL079W,YOL086C,YGR271W,YNL178W
,,YGL080W,YOL092W,YGR274C,YNL181W
,,YGL103W,YOL097C,YHL004W,YNL189W
,,YGL104C,YOL139C,YHL007C,YNL219C
,,YGL106W,YOL151W,YHL020C,YNL220W
,,YGL114W,YOR007C,YHL021C,YNL239W
,,YGL123W,YOR021C,YHL027W,YNL248C
,,YGL126W,YOR042W,YHL029C,YNL268W
,,YGL127C,YOR063W,YHL030W,YNL280C
,,YGL134W,YOR065W,YHR005C,YNL284C
,,YGL135W,YOR099W,YHR006W,YNL312W
,,YGL154C,YOR133W,YHR023W,YNL327W
,,YGL166W,YOR136W,YHR030C,YNR006W
,,YGL187C,YOR142W,YHR037W,YNR016C
,,YGL189C,YOR157C,YHR056C,YNR021W
,,YGL191W,YOR185C,YHR062C,YNR043W
,,YGL196W,YOR187W,YHR069C,YNR049C
,,YGL198W,YOR222W,YHR073W,YNR067C
,,YGL200C,YOR230W,YHR080C,YOL044W
,,YGL215W,YOR232W,YHR086W,YOL052C
,,YGL220W,YOR251C,YHR091C,YOL057W
,,YGL224C,YOR271C,YHR099W,YOL058W
,,YGL225W,YOR278W,YHR102W,YOL094C
,,YGL226C-A,YOR283W,YHR103W,YOL096C
,,YGL228W,YOR312C,YHR114W,YOL098C
,,YGL229C,YOR321W,YHR119W,YOL140W
,,YGL255W,YOR323C,YHR147C,YOR046C
,,YGL256W,YOR362C,YHR151C,YOR061W
,,YGR001C,YOR374W,YHR155W,YOR090C
,,YGR007W,YPL010W,YHR158C,YOR091W
,,YGR008C,YPL028W,YHR161C,YOR101W
,,YGR020C,YPL048W,YHR165C,YOR108W
,,YGR024C,YPL079W,YHR168W,YOR112W
,,YGR027C,YPL081W,YHR169W,YOR117W
,,YGR029W,YPL090C,YHR186C,YOR128C
,,YGR033C,YPL111W,YHR197W,YOR145C
,,YGR034W,YPL117C,YHR198C,YOR168W
,,YGR037C,YPL127C,YHR201C,YOR175C
,,YGR043C,YPL134C,YHR206W,YOR176W
,,YGR063C,YPL145C,YIL009W,YOR184W
,,YGR085C,YPL154C,YIL021W,YOR197W
,,YGR105W,YPL198W,YIL022W,YOR270C
,,YGR106C,YPR004C,YIL036W,YOR272W
,,YGR111W,YPR011C,YIL038C,YOR310C
,,YGR118W,YPR035W,YIL042C,YOR317W
,,YGR138C,YPR036W,YIL046W,YOR335C
,,YGR148C,YPR058W,YIL048W,YOR356W
,,YGR167W,YPR063C,YIL075C,YOR370C
,,YGR174C,YPR069C,YIL079C,YOR375C
,,YGR181W,YPR080W,YIL093C,YPL004C
,,YGR183C,YPR118W,YIL095W,YPL030W
,,YGR209C,YPR128C,YIL105C,YPL061W
,,YGR210C,YPR129W,YIL108W,YPL086C
,,YGR214W,YPR145W,YIL109C,YPL091W
,,YGR216C,YPR163C,YIL115C,YPL101W
,,YGR231C,YPR165W,YIL126W,YPL103C
,,YGR232W,YPR191W,YIL128W,YPL106C
,,YGR254W,,YIL129C,YPL129W
,,YGR257C,,YIL130W,YPL131W
,,YGR260W,,YIL131C,YPL160W
,,YGR268C,,YIL135C,YPL169C
,,YGR275W,,YIL137C,YPL206C
,,YGR279C,,YIR006C,YPL208W
,,YGR282C,,YIR008C,YPL212C
,,YHL001W,,YIR011C,YPL215W
,,YHL015W,,YIR021W,YPL231W
,,YHL035C,,YJL005W,YPL235W
,,YHL047C,,YJL012C,YPL262W
,,YHR004C,,YJL016W,YPL266W
,,YHR005C-A,,YJL020C,YPR010C
,,YHR008C,,YJL029C,YPR033C
,,YHR010W,,YJL036W,YPR041W
,,YHR012W,,YJL039C,YPR072W
,,YHR017W,,YJL050W,YPR074C
,,YHR021C,,YJL061W,YPR079W
,,YHR025W,,YJL069C,YPR088C
,,YHR026W,,YJL076W,YPR103W
,,YHR028C,,YJL083W,YPR108W
,,YHR032W,,YJL084C,YPR110C
,,YHR033W,,YJL092W,YPR125W
,,YHR039C-A,,YJL096W,YPR133C
,,YHR041C,,YJL098W,YPR144C
,,YHR046C,,YJL109C,YPR148C
,,YHR051W,,YJL112W,YPR190C
,,YHR068W,,YJL128C,
,,YHR071W,,YJL141C,
,,YHR072W-A,,YJL146W,
,,YHR079C,,YJL154C,
,,YHR083W,,YJL155C,
,,YHR087W,,YJL156C,
,,YHR089C,,YJL157C,
,,YHR100C,,YJL168C,
,,YHR104W,,YJL207C,
,,YHR106W,,YJR005W,
,,YHR110W,,YJR031C,
,,YHR112C,,YJR033C,
,,YHR117W,,YJR041C,
,,YHR132W-A,,YJR042W,
,,YHR138C,,YJR059W,
,,YHR141C,,YJR060W,
,,YHR143W,,YJR066W,
,,YHR143W-A,,YJR090C,
,,YHR162W,,YJR092W,
,,YHR163W,,YJR109C,
,,YHR175W,,YJR122W,
,,YHR178W,,YJR137C,
,,YHR193C,,YJR140C,
,,YHR194W,,YKL010C,
,,YHR199C,,YKL014C,
,,YHR204W,,YKL022C,
,,YIL002W-A,,YKL029C,
,,YIL009C-A,,YKL032C,
,,YIL010W,,YKL038W,
,,YIL016W,,YKL057C,
,,YIL023C,,YKL059C,
,,YIL027C,,YKL062W,
,,YIL030C,,YKL068W,
,,YIL043C,,YKL079W,
,,YIL047C,,YKL087C,
,,YIL051C,,YKL092C,
,,YIL052C,,YKL101W,
,,YIL062C,,YKL106W,
,,YIL064W,,YKL109W,
,,YIL065C,,YKL112W,
,,YIL069C,,YKL129C,
,,YIL111W,,YKL135C,
,,YIL113W,,YKL148C,
,,YIL114C,,YKL164C,
,,YIL121W,,YKL168C,
,,YIL123W,,YKL171W,
,,YIL148W,,YKL173W,
,,YIL153W,,YKL184W,
,,YIL157C,,YKL194C,
,,YIR031C,,YKL195W,
,,YIR035C,,YKL197C,
,,YIR036C,,YKL205W,
,,YIR037W,,YKL215C,
,,YIR038C,,YKR003W,
,,YJL019W,,YKR008W,
,,YJL034W,,YKR017C,
,,YJL035C,,YKR019C,
,,YJL044C,,YKR021W,
,,YJL052W,,YKR027W,
,,YJL054W,,YKR031C,
,,YJL055W,,YKR054C,
,,YJL062W-A,,YKR082W,
,,YJL065C,,YKR086W,
,,YJL079C,,YKR095W,
,,YJL093C,,YKR096W,
,,YJL094C,,YLL001W,
,,YJL117W,,YLL010C,
,,YJL121C,,YLL011W,
,,YJL127C-B,,YLL013C,
,,YJL133C-A,,YLL019C,
,,YJL136C,,YLL021W,
,,YJL140W,,YLL027W,
,,YJL143W,,YLL029W,
,,YJL144W,,YLL034C,
,,YJL151C,,YLL036C,
,,YJL158C,,YLL040C,
,,YJL166W,,YLL058W,
,,YJL173C,,YLR002C,
,,YJL174W,,YLR006C,
,,YJL177W,,YLR019W,
,,YJL184W,,YLR024C,
,,YJL189W,,YLR039C,
,,YJL190C,,YLR045C,
,,YJL191W,,YLR067C,
,,YJL192C,,YLR069C,
,,YJL210W,,YLR071C,
,,YJL217W,,YLR073C,
,,YJR010W,,YLR086W,
,,YJR017C,,YLR090W,
,,YJR024C,,YLR094C,
,,YJR025C,,YLR096W,
,,YJR034W,,YLR106C,
,,YJR044C,,YLR108C,
,,YJR046W,,YLR115W,
,,YJR049C,,YLR129W,
,,YJR051W,,YLR131C,
,,YJR057W,,YLR143W,
,,YJR058C,,YLR144C,
,,YJR063W,,YLR163C,
,,YJR068W,,YLR182W,
,,YJR073C,,YLR187W,
,,YJR074W,,YLR189C,
,,YJR077C,,YLR203C,
,,YJR085C,,YLR215C,
,,YJR094W-A,,YLR219W,
,,YJR104C,,YLR225C,
,,YJR106W,,YLR228C,
,,YJR127C,,YLR240W,
,,YJR129C,,YLR247C,
,,YJR135W-A,,YLR248W,
,,YJR147W,,YLR253W,
,,YKL002W,,YLR256W,
,,YKL003C,,YLR258W,
,,YKL004W,,YLR274W,
,,YKL006C-A,,YLR277C,
,,YKL006W,,YLR278C,
,,YKL007W,,YLR305C,
,,YKL013C,,YLR309C,
,,YKL015W,,YLR310C,
,,YKL016C,,YLR319C,
,,YKL019W,,YLR335W,
,,YKL023C-A,,YLR347C,
,,YKL024C,,YLR352W,
,,YKL043W,,YLR355C,
,,YKL046C,,YLR357W,
,,YKL051W,,YLR362W,
,,YKL053C-A,,YLR369W,
,,YKL056C,,YLR371W,
,,YKL058W,,YLR373C,
,,YKL065C,,YLR382C,
,,YKL066W,,YLR387C,
,,YKL067W,,YLR389C,
,,YKL069W,,YLR397C,
,,YKL077W,,YLR398C,
,,YKL096W-A,,YLR399C,
,,YKL098W,,YLR403W,
,,YKL117W,,YLR405W,
,,YKL132C,,YLR409C,
,,YKL138C,,YLR410W,
,,YKL141W,,YLR422W,
,,YKL151C,,YLR436C,
,,YKL156W,,YLR439W,
,,YKL160W,,YLR443W,
,,YKL165C,,YLR451W,
,,YKL174C,,YLR452C,
,,YKL176C,,YLR455W,
,,YKL180W,,YML007W,
,,YKL190W,,YML016C,
,,YKL192C,,YML017W,
,,YKL193C,,YML020W,
,,YKL196C,,YML025C,
,,YKL207W,,YML029W,
,,YKL213C,,YML032C,
,,YKR014C,,YML034W,
,,YKR042W,,YML035C,
,,YKR046C,,YML049C,
,,YKR050W,,YML064C,
,,YKR057W,,YML080W,
,,YKR068C,,YML082W,
,,YKR074W,,YML102W,
,,YKR094C,,YML103C,
,,YKR100C,,YML111W,
,,YLL014W,,YML117W,
,,YLL022C,,YMR001C,
,,YLL023C,,YMR012W,
,,YLL028W,,YMR016C,
,,YLL050C,,YMR021C,
,,YLL051C,,YMR024W,
,,YLR007W,,YMR029C,
,,YLR016C,,YMR031C,
,,YLR020C,,YMR032W,
,,YLR021W,,YMR033W,
,,YLR034C,,YMR043W,
,,YLR038C,,YMR047C,
,,YLR043C,,YMR054W,
,,YLR048W,,YMR093W,
,,YLR050C,,YMR100W,
,,YLR059C,,YMR102C,
,,YLR061W,,YMR109W,
,,YLR065C,,YMR115W,
,,YLR066W,,YMR125W,
,,YLR074C,,YMR128W,
,,YLR078C,,YMR129W,
,,YLR079W,,YMR140W,
,,YLR099W-A,,YMR157C,
,,YLR105C,,YMR166C,
,,YLR109W,,YMR190C,
,,YLR110C,,YMR196W,
,,YLR118C,,YMR207C,
,,YLR120C,,YMR212C,
,,YLR121C,,YMR216C,
,,YLR130C,,YMR218C,
,,YLR137W,,YMR219W,
,,YLR138W,,YMR223W,
,,YLR150W,,YMR229C,
,,YLR152C,,YMR231W,
,,YLR179C,,YMR247C,
,,YLR185W,,YMR259C,
,,YLR201C,,YMR261C,
,,YLR216C,,YMR265C,
,,YLR224W,,YMR267W,
,,YLR250W,,YMR275C,
,,YLR251W,,YMR277W,
,,YLR262C-A,,YMR287C,
,,YLR264W,,YMR288W,
,,YLR266C,,YMR291W,
,,YLR268W,,YMR300C,
,,YLR285W,,YMR309C,
,,YLR286C,,YMR310C,
,,YLR287C-A,,YMR311C,
,,YLR292C,,YNL020C,
,,YLR293C,,YNL021W,
,,YLR295C,,YNL023C,
,,YLR325C,,YNL027W,
,,YLR327C,,YNL053W,
,,YLR333C,,YNL062C,
,,YLR344W,,YNL068C,
,,YLR348C,,YNL072W,
,,YLR350W,,YNL078W,
,,YLR351C,,YNL085W,
,,YLR367W,,YNL087W,
,,YLR370C,,YNL088W,
,,YLR375W,,YNL091W,
,,YLR378C,,YNL097C,
,,YLR388W,,YNL102W,
,,YLR390W-A,,YNL103W,
,,YLR395C,,YNL106C,
,,YLR406C,,YNL118C,
,,YLR412W,,YNL123W,
,,YLR414C,,YNL127W,
,,YLR421C,,YNL137C,
,,YLR426W,,YNL139C,
,,YLR438W,,YNL152W,
,,YLR447C,,YNL154C,
,,YML012W,,YNL161W,
,,YML022W,,YNL163C,
,,YML023C,,YNL165W,
,,YML024W,,YNL183C,
,,YML026C,,YNL192W,
,,YML028W,,YNL197C,
,,YML051W,,YNL201C,
,,YML058W,,YNL207W,
,,YML078W,,YNL212W,
,,YML079W,,YNL216W,
,,YML081C-A,,YNL221C,
,,YML101C,,YNL229C,
,,YML110C,,YNL231C,
,,YML130C,,YNL236W,
,,YMR008C,,YNL242W,
,,YMR009W,,YNL243W,
,,YMR020W,,YNL251C,
,,YMR022W,,YNL256W,
,,YMR035W,,YNL258C,
,,YMR071C,,YNL261W,
,,YMR072W,,YNL262W,
,,YMR073C,,YNL267W,
,,YMR074C,,YNL271C,
,,YMR090W,,YNL272C,
,,YMR119W,,YNL273W,
,,YMR121C,,YNL275W,
,,YMR122W-A,,YNL278W,
,,YMR142C,,YNL287W,
,,YMR143W,,YNL289W,
,,YMR149W,,YNL295W,
,,YMR150C,,YNL297C,
,,YMR171C,,YNL298W,
,,YMR173W,,YNL310C,
,,YMR180C,,YNL313C,
,,YMR183C,,YNL315C,
,,YMR194W,,YNL317W,
,,YMR202W,,YNL330C,
,,YMR221C,,YNR013C,
,,YMR230W,,YNR026C,
,,YMR235C,,YNR031C,
,,YMR236W,,YNR033W,
,,YMR241W,,YNR040W,
,,YMR242C,,YNR047W,
,,YMR244C-A,,YNR052C,
,,YMR250W,,YNR053C,
,,YMR251W-A,,YOL004W,
,,YMR256C,,YOL006C,
,,YMR260C,,YOL010W,
,,YMR262W,,YOL021C,
,,YMR264W,,YOL051W,
,,YMR289W,,YOL068C,
,,YMR292W,,YOL072W,
,,YMR295C,,YOL076W,
,,YMR305C,,YOL082W,
,,YMR316W,,YOL089C,
,,YMR319C,,YOL090W,
,,YNL003C,,YOL116W,
,,YNL006W,,YOL123W,
,,YNL007C,,YOL126C,
,,YNL015W,,YOL145C,
,,YNL024C-A,,YOR017W,
,,YNL030W,,YOR018W,
,,YNL031C,,YOR023C,
,,YNL038W,,YOR025W,
,,YNL040W,,YOR034C,
,,YNL046W,,YOR035C,
,,YNL052W,,YOR038C,
,,YNL055C,,YOR047C,
,,YNL056W,,YOR048C,
,,YNL063W,,YOR056C,
,,YNL066W,,YOR059C,
,,YNL067W,,YOR062C,
,,YNL069C,,YOR066W,
,,YNL070W,,YOR069W,
,,YNL079C,,YOR070C,
,,YNL080C,,YOR081C,
,,YNL084C,,YOR083W,
,,YNL090W,,YOR084W,
,,YNL094W,,YOR093C,
,,YNL096C,,YOR098C,
,,YNL125C,,YOR109W,
,,YNL131W,,YOR113W,
,,YNL135C,,YOR116C,
,,YNL145W,,YOR124C,
,,YNL149C,,YOR138C,
,,YNL153C,,YOR141C,
,,YNL159C,,YOR151C,
,,YNL162W,,YOR153W,
,,YNL190W,,YOR160W,
,,YNL200C,,YOR172W,
,,YNL217W,,YOR188W,
,,YNL244C,,YOR201C,
,,YNL259C,,YOR206W,
,,YNL264C,,YOR207C,
,,YNL274C,,YOR211C,
,,YNL281W,,YOR212W,
,,YNL283C,,YOR233W,
,,YNL294C,,YOR250C,
,,YNL302C,,YOR259C,
,,YNL305C,,YOR264W,
,,YNL306W,,YOR267C,
,,YNL322C,,YOR269W,
,,YNR008W,,YOR290C,
,,YNR029C,,YOR304W,
,,YNR030W,,YOR322C,
,,YNR036C,,YOR326W,
,,YNR037C,,YOR329C,
,,YNR051C,,YOR330C,
,,YNR055C,,YOR337W,
,,YNR059W,,YOR341W,
,,YOL005C,,YOR344C,
,,YOL011W,,YOR347C,
,,YOL012C,,YOR354C,
,,YOL014W,,YOR360C,
,,YOL016C,,YOR361C,
,,YOL026C,,YOR371C,
,,YOL036W,,YOR372C,
,,YOL038W,,YOR373W,
,,YOL039W,,YPL012W,
,,YOL040C,,YPL014W,
,,YOL048C,,YPL019C,
,,YOL049W,,YPL023C,
,,YOL060C,,YPL026C,
,,YOL062C,,YPL029W,
,,YOL064C,,YPL032C,
,,YOL086W-A,,YPL042C,
,,YOL088C,,YPL043W,
,,YOL109W,,YPL049C,
,,YOL110W,,YPL074W,
,,YOL112W,,YPL082C,
,,YOL120C,,YPL084W,
,,YOL121C,,YPL085W,
,,YOL127W,,YPL089C,
,,YOL129W,,YPL093W,
,,YOL133W,,YPL097W,
,,YOL136C,,YPL105C,
,,YOL143C,,YPL116W,
,,YOL153C,,YPL125W,
,,YOL158C,,YPL126W,
,,YOL164W,,YPL128C,
,,YOR011W,,YPL150W,
,,YOR020C,,YPL155C,
,,YOR020W-A,,YPL158C,
,,YOR026W,,YPL172C,
,,YOR027W,,YPL173W,
,,YOR040W,,YPL179W,
,,YOR045W,,YPL180W,
,,YOR051C,,YPL183C,
,,YOR067C,,YPL188W,
,,YOR071C,,YPL204W,
,,YOR096W,,YPL210C,
,,YOR103C,,YPL217C,
,,YOR120W,,YPL226W,
,,YOR122C,,YPL236C,
,,YOR125C,,YPL242C,
,,YOR126C,,YPL243W,
,,YOR163W,,YPL254W,
,,YOR164C,,YPL259C,
,,YOR167C,,YPR019W,
,,YOR173W,,YPR022C,
,,YOR174W,,YPR029C,
,,YOR182C,,YPR032W,
,,YOR198C,,YPR034W,
,,YOR210W,,YPR042C,
,,YOR219C,,YPR048W,
,,YOR220W,,YPR055W,
,,YOR224C,,YPR089W,
,,YOR226C,,YPR097W,
,,YOR228C,,YPR112C,
,,YOR231W,,YPR119W,
,,YOR234C,,YPR122W,
,,YOR236W,,YPR155C,
,,YOR245C,,YPR159W,
,,YOR246C,,YPR160W,
,,YOR253W,,YPR161C,
,,YOR261C,,YPR164W,
,,YOR273C,,YPR175W,
,,YOR285W,,YPR181C,
,,YOR289W,,YPR184W,
,,YOR292C,,YPR189W,
,,YOR293W,,YDL178W,
,,YOR294W,,YGR103W,
,,YOR298C-A,,YJR002W,
,,YOR299W,,YJR040W,
,,YOR303W,,YKL040C,
,,YOR311C,,YMR058W,
,,YOR327C,,YDR311W,
,,YOR328W,,YEL013W,
,,YOR332W,,YGR117C,
,,YOR336W,,YJL208C,
,,YOR357C,,YKL166C,
,,YOR369C,,YMR258C,
,,YOR381W,,YNL047C,
,,YOR382W,,YNL101W,
,,YPL003W,,YOL063C,
,,YPL006W,,YOR037W,
,,YPL015C,,YOR127W,
,,YPL024W,,YOR158W,
,,YPL037C,,YBR126C,
,,YPL058C,,YCR011C,
,,YPL059W,,YEL071W,
,,YPL067C,,YER019W,
,,YPL075W,,YFL054C,
,,YPL078C,,YGL008C,
,,YPL088W,,YGL167C,
,,YPL094C,,YGR088W,
,,YPL098C,,YHR094C,
,,YPL099C,,YIL067C,
,,YPL135W,,YJR131W,
,,YPL143W,,YKL208W,
,,YPL149W,,YLL015W,
,,YPL170W,,YML100W,
,,YPL203W,,YML128C,
,,YPL211W,,YOR161C,
,,YPL214C,,YOR204W,
,,YPL218W,,,
,,YPL220W,,,
,,YPL221W,,,
,,YPL225W,,,
,,YPL234C,,,
,,YPL237W,,,
,,YPL240C,,,
,,YPL244C,,,
,,YPL246C,,,
,,YPL249C-A,,,
,,YPL270W,,,
,,YPL271W,,,
,,YPL273W,,,
,,YPL274W,,,
,,YPR006C,,,
,,YPR017C,,,
,,YPR028W,,,
,,YPR036W-A,,,
,,YPR037C,,,
,,YPR043W,,,
,,YPR051W,,,
,,YPR062W,,,
,,YPR067W,,,
,,YPR075C,,,
,,YPR098C,,,
,,YPR100W,,,
,,YPR102C,,,
,,YPR109W,,,
,,YPR113W,,,
,,YPR114W,,,
,,YPR127W,,,
,,YPR132W,,,
,,YPR133W-A,,,
,,YPR138C,,,
,,YPR154W,,,
,,YPR156C,,,
,,YPR157W,,,
,,YPR158W,,,
,,YPR166C,,,
,,YPR180W,,,
,,YPR182W,,,
,,YPR183W,,,
,,YPR185W,,,
,,YPR187W,,,
,,YPR188C,,,
,,YPR199C,,,
